office_id,staff_id,is_admin
fb054983-ace0-4cff-81af-05dadb945eca,3bb6d1eb-8da0-4c5f-b62a-32e921b85d85,False
7289e03a-f43b-4843-a629-31bf3726b228,cebae76b-0fee-454b-9938-712cf218a8ae,False
d2669578-0471-40e6-984a-b348536b817d,d6ed6afe-6006-4a09-9bca-1fcf0330f35f,False
ccf7bbfb-b623-41a8-8c22-4f524c6689f3,ece7c23d-ef20-4ecf-8cff-ea09133e4afe,False
ea68d1ab-1cf0-4324-b8ba-ca00c8ad4225,3fb77f2b-229d-4269-a29e-6fcea97b15b5,True
c2a99c2e-f3b5-4dd5-84a7-b1489883c67e,6161c368-14ce-4498-9a8e-9d6f71889044,False
1b026807-0aef-4a28-aa8a-4b86e3b090fb,b7b38727-1755-4461-b92d-5ab28df986f4,False
8fb48e26-05ae-4383-861d-cf18011f936f,c5dc828b-4103-44ed-95dc-9c73a67a97cc,False
15026c1a-fb53-453b-962a-f3bd94fbd8b7,2efcb7fd-0899-47cb-9448-1e89f8a0d989,False
015ed483-2fcb-4644-800d-3600fcc5ee64,d24ae767-042d-42cb-8efd-f794323c91b2,False
c8d37fdb-e49a-436e-9adb-c52784220ff1,35c8d766-7d00-4813-8233-3bfbeddd7802,False
26789024-09d7-4f0d-aa88-71711270192f,28b205b5-a495-4ae3-bb7b-26aafcd63528,True
5518dd88-2148-4fa8-a18e-65297bd64dd6,4912890f-febe-4daa-a931-04ac2790e69f,False
2c2ee2c0-f87e-4f1d-883a-43741aea6b42,74131fb0-6b41-432f-b55a-baf683cb40d6,False
da2eb039-edae-4def-a1b5-6a1d751f96ac,9732e80c-df71-4e98-82b7-efad2c68ffde,False
3184f060-f55d-4446-8e9b-cef6b4a25109,24fd087d-8e28-4515-9b6d-2537e72202ab,False
88262a0a-829b-4595-b709-e8bf1798d1ac,1d48c20e-e606-4043-b70c-95a4aa9061c2,False
77236246-d7c5-4a5f-b3a9-d36167437808,f12739b7-6875-4fb5-ae64-cd31afeda352,False
dfcde2c5-7c38-4bc5-96a6-7595caf8c5b0,818a7527-5fc5-40bb-819f-f62680c3c992,False
9e8399ab-7ea0-4428-8174-e62c8107da03,129c8eed-872c-477a-9547-f5af7836bea7,False
071fc5bb-7f69-46a2-9861-66af14e639af,398b3291-6cc2-4cc0-b229-4fbb03068ec5,False
13850306-87b3-49f8-8655-6f3b999802f2,66d7fc26-a40e-463b-911d-22b2cb3a3949,False
ff4831e2-3ec0-48eb-8efc-65f902c873de,bac0cc9c-ee72-4236-b037-50e448537662,False
1cb7189d-9c54-4ac1-a2dd-27af27260d5d,498b9afc-f632-4d49-a884-251c4451cabd,True
39c169e3-10c7-44c3-a71a-0ff2ba308391,c5f5127c-5a2c-4f53-ac76-9c1c980ea9cf,False
4685857c-0200-46fe-bfcb-4b846a5cd273,2a7744c6-bf32-41a8-b5ee-c1c0e4be12ca,False
599918b4-3e11-4368-b3a2-c31a9dc0dc3f,88347fc4-897a-47f4-a060-5217da87605e,False
1b1192ff-32be-4a8b-893b-3c6578f10501,4601255d-beeb-417d-9355-61c35537a64b,False
9db34139-8e39-437d-a9be-656051dd8bb7,616e1da1-1c81-4066-8b23-8f011692d558,False
b209ee2c-b373-49c7-88a0-e1342f2d15de,94f9c2fd-0bc9-461e-8ceb-372baa722cb9,False
490bf3e3-e252-44b2-9afd-5c635cdaac13,f73a7238-c538-4bc6-9bf6-f62434848262,False
5518dd88-2148-4fa8-a18e-65297bd64dd6,7215b03e-aede-40bf-8a3e-06dac2366c19,False
3adaf580-2b73-4f17-8fa8-c031c90467c5,f8b1b692-da48-4581-99bc-2a90e6d7f099,False
557a68d9-0634-415c-9745-58929b8dde23,51f2deb0-c61c-4b27-b370-19ec21e01a42,False
b25dba9f-01dd-4658-bd8e-5c962f8f2a8a,0012c4e6-8da3-459a-929e-01128c5dc5b0,False
2c69bb42-2b86-4785-b897-a63bdaf9b8e4,3205628e-448f-490c-8f48-520e9e66cec8,False
46667c02-0aac-416a-830b-39ecd16e99ed,9ba0902f-8b9a-4571-8352-d4749a730362,False
015ed483-2fcb-4644-800d-3600fcc5ee64,b550963a-eeec-406a-b13e-6f8e8f5238da,False
f7a40060-7666-4e43-8ce0-f78aeb121f4c,deda0ac1-d0e4-4a4d-999f-a8641e6f4726,False
0ea69ed2-5541-4d28-9cf0-f257bba453c8,702d6d9f-b3e0-41e4-bd93-5585a7601ea6,False
3adaf580-2b73-4f17-8fa8-c031c90467c5,c76adc11-73d7-4615-ab8c-6db2c6655496,False
0a6ff309-c548-4d9f-8faa-3ac05322b779,4cb22f96-2a19-4035-9ab2-0c9985e231f8,False
1e364883-50ad-4d1b-94f0-e25487da2e51,1b19591b-76b0-4e49-8466-2a0b3e0249a5,False
50167c97-87e3-4c82-898b-8beeb93d6325,86b6056f-3740-454a-bf3e-78dfa0fe2ac6,False
bc7fb49b-8f44-42b2-8039-5a9923f676c4,a4c6f768-954b-4b2f-8282-2236bcdff043,False
a57759e9-1b54-4c0f-abce-e5374123a7dc,346386ee-2c73-4b08-aea3-73acccd83c56,False
9f6e35d5-ed46-40ba-b4df-f87627ff53af,b7fe4135-40f4-4163-9a13-d272b807237b,False
b14c1f2f-c995-4b94-8b0d-a064743cfb4d,48ed4b5a-ad02-4ab9-a56b-6754eea17126,False
e880864a-6c5c-428a-9a8f-91fc443753c8,ca3b33ac-e6eb-4075-bf9c-870b69bafb2a,False
d76a800a-ee8f-4cb7-99a7-bd528df2e2e0,cae9ad6f-a9f2-4d8b-97f0-6a09f0ba52ab,False
6357f028-7ade-4839-9840-2bf047a781a2,a587f44d-9ed6-4a4a-9467-514780b7206a,False
bc564b43-ae1e-49f1-85fe-e8a74cb8b819,c6711c23-c8a3-4cf3-9e3d-929418416af4,False
34f131c7-3c8e-455d-9ea8-0832042f2a09,63b4f213-57a8-4f98-81f9-c9168455b881,False
a177f1e4-c454-4d1e-a4da-4679cd6ec817,05afc51c-4201-4d72-972a-831c1c6fa0f0,False
068c2e62-b2ba-4907-8926-80725d62d1a0,bf802d8d-7f80-4b07-bb3c-c319304af4f3,False
16649f6a-ff76-4c11-88a9-e09a38826ec3,0f28de9c-4a28-4f1f-b7c9-abd98eee6b35,False
683c0d95-fc0c-4fff-ae4f-e4569d53c18a,173814d4-630c-4742-8b14-b534a8492093,False
4faddfc8-c9d0-4578-9de4-bdcb03deed28,e50424e8-61e5-4811-aaa3-e178d453a1d9,False
d5e4c223-df7d-4801-b1ea-789f87fede8e,5285a84d-9117-4c3e-9f46-e870d5467692,False
fbd9e23f-b0b2-46e9-9cc7-99ccba6d019b,4d4c6dd8-6730-4504-b780-356dd9655fb2,False
16234635-4c7a-4289-a602-535e827ff451,c6f0d367-cdaf-4139-9e70-af6e603002b7,False
6e8815ae-2b66-47c5-8a11-b09d3bec1771,1621446f-b112-4d49-a61a-5ccae81f14b8,False
ea0abbc7-b757-4c27-a312-eaa266c3d6ab,a93c1b52-e5a5-4a4a-8628-35728eae8b4b,False
2a0572cd-f0bf-45f1-abe5-8fb3038b7e76,72035e72-1bc6-4b79-82a5-78bb5b1e73a9,False
65a6817f-641d-4b3f-88aa-ab87b1431d6b,b6e70191-a916-4240-aaf6-f67f7a18c125,False
d4445e35-5c5b-4754-9305-0f4cfedf4093,06752513-fdaa-4cd9-b85e-f2eb177bbd63,False
2f30d169-94c0-45fc-979a-e11856f79226,b71886fe-90f6-48e0-855f-9dbd9775164e,False
3e73127e-d736-43ea-8979-bd28430d67e5,2479baf7-5a8e-4d01-83f9-5ce0b8f183a3,False
34e5a76b-b6de-42f1-a59b-27b8ff2387de,527e3ece-30a4-4694-8eef-a04e9208b0d8,False
88538558-588f-4451-975a-e0a59176cc65,b456f06d-55a7-4a23-beb2-724187d07d38,True
3c6b9a7d-ccf7-4195-8074-e56ac55da936,ccbe48d9-4670-45c1-98d5-0fd390b3aef2,False
a627cd56-1832-4b0a-aa72-a55685cd17e9,ff8f9dd7-4c2d-4dfe-93b3-ea6d890db90d,False
560c7a58-ff76-4767-ba56-2ff0f6a754f4,60122572-74eb-49bf-9472-a5b8a48e2bcb,False
1527b389-180d-437b-895e-1543169350ad,b7da3166-d387-4a79-b423-1e2bd8ba2e05,False
f6cb88c0-9eff-449d-bb19-1b79f9923002,7878cf9c-bc43-4362-adee-a4d527bdbf32,False
7f1accc1-bd5b-46cb-b5b6-62f6421d9b0f,778a257b-da90-460d-9105-2222ce442d41,False
7e3ae66f-3d67-4f9a-9513-b7fd50c5466b,53b17aeb-c58c-41c9-b0ad-72eb6cf130a5,False
05620ea9-565c-4991-b372-a072f7ff1126,202ab9f2-7e92-4add-b7f5-426a9d515dfb,False
95808b8a-ede8-418d-8d4c-278946e12ee7,97d7915a-bfdc-432c-9f38-de1c6d5fa908,False
c2a99c2e-f3b5-4dd5-84a7-b1489883c67e,f8f0dd77-479e-48de-9433-b30a028ed7a5,False
f509669c-b4a7-45c5-93ba-918450d3d32b,b4cc0f35-e607-4815-807b-12b1ba7d94a0,False
eade1331-53ea-4439-9af6-cee727f03d41,510784a5-a09b-4b40-9ee1-52e15a6118a9,False
ff4831e2-3ec0-48eb-8efc-65f902c873de,698ebc3f-77ab-4830-aa8b-a0c4ed08a162,False
a80ff673-08c2-4d41-90bf-fed12db8c66a,56eca8b2-35d6-4650-9176-cfeb48495c80,False
71a95a12-21ca-4cf5-b244-7014e76ae21a,3b8d9fbf-c7b5-4942-bc43-c4faea08221e,False
0ac51ca7-adb4-423f-85af-69f99d4c086e,ffb90538-8daa-482c-83ad-4513a05efa5f,False
46f26051-02ba-4ee2-839b-416b350274a2,76702386-b2c3-4e8b-a440-8918b9dcdb85,False
2c69bb42-2b86-4785-b897-a63bdaf9b8e4,545d9fff-7802-4f38-a114-f0cfa5bbfdd1,False
eb98c7e4-8aee-42bd-a621-36d266cac1da,6522f092-4fe0-434e-86aa-e3cc0162a81d,False
88262a0a-829b-4595-b709-e8bf1798d1ac,66e0c268-5c0b-4f84-8836-ba9590460e6f,False
fbd9e23f-b0b2-46e9-9cc7-99ccba6d019b,935af828-3ed9-4ce3-aceb-465ac377468c,False
0c21fd43-0f90-403b-b70c-9476217b7a85,7e5777a0-faa4-4f8f-b323-cedd7c788c19,False
eb535861-96ce-4f12-bc24-80b15e6d1041,8497181f-fc34-486b-8713-f7ed386823de,True
7e9b5d1c-f300-4e4d-b55a-6a37d1a83283,64c9131d-827b-4426-950c-c114ce110544,False
acdd4d52-0878-4cd2-8287-05df5d6dea8b,91d3340c-b64d-4e97-8d72-578b2d3f2db1,False
41801766-7f2c-4d7c-8ab1-c48a9fb800e2,c36a81fb-d993-41a6-89ae-f1db9acd8262,False
1555f16e-dc31-49d8-97c4-d6b12d781f1d,95bfa7ba-474f-4a42-8bc3-29ed56b6b3b1,False
b8eb2089-9814-4b1a-9733-e67c8ad7cfff,55ceca25-f76c-4796-a4ed-ba50267b948c,False
c233a4ef-b71a-44ec-88df-b85972e01a19,d71c38fb-fb06-4ab4-98c2-1075a320b9b5,False
67180508-5597-478b-b223-e1449701bcff,01096e6b-a6b7-4403-9cc8-0154ad602021,False
42ffab51-132b-4a3c-9a5b-5070c122c57f,c1d3b4c5-5070-4fb1-a98b-1e802a2cb1fe,False
da9ba4b7-817d-491a-82b3-52e5f32abd16,9b465574-98a3-4cdc-b58f-79c1d0053324,False
eaa3fb2b-84b4-4df6-b155-794a5c351fe1,37dad1e4-6229-4037-8969-dc671efc561a,False
4969a660-5542-47b7-80ec-e0fe497c3346,3ea250a4-4688-4e05-94f2-38f5ae307728,False
daeb25da-14a5-456c-9c79-d29a8d7173cb,81075bdf-96f3-470b-a07f-52940d79e81e,False
d6ddf3f0-0f9f-486f-a53e-b0dcd9f7c391,583f5b34-a177-4694-9066-32909d126a2f,False
ff4324cb-ba9f-4a67-911f-4622996b5cbf,0c8f5131-73d4-4436-a0d5-25e906a8501e,False
1383d9a3-2178-4e09-b180-c639faa3230b,7705f621-da99-488b-ab45-0cde04799d9b,False
feef034d-1686-468b-adcd-934f49243c70,06814023-ddfe-4513-afd0-91fd4b0c1412,False
015ed483-2fcb-4644-800d-3600fcc5ee64,0e39a832-12fb-4a8e-abad-72567bc7fd99,False
3a7a23f7-3c21-4624-a964-42708858b82e,4e1befdf-f8f0-4998-9059-7ae42d446a13,False
25aee5b4-59a6-4445-8de2-270e5e8ad9b5,674fc887-6c22-40eb-8f06-0bbfa0bbdc5d,False
3da853f4-5a32-4d94-83c9-5ed338c63f0c,71bf865d-50ea-4ca8-b24c-53f5cd462269,False
c909483a-3a99-416c-9247-3acd20289c44,6638ae56-6b81-437e-a724-2ca7c865897f,False
14a71b34-dcc9-4d3c-8a77-eca3eaed6bcf,5f18ccce-4f1f-4bae-8db8-ed8f9ee54102,False
9b8e5937-8a9d-4302-a567-b06a6e9614b1,d0031a8a-1eb9-49db-a2c7-e313291ea5dc,False
b1157eb9-aad3-4116-a43d-97f6fdbf6ad6,e6b9bf38-18cd-4e91-8bb5-e48b220c7aa3,False
45aca302-9f17-4595-8f56-1106c7001d1a,66cfbdb7-5d3d-4d5e-8287-d7f193e87017,False
d00b708a-4c9b-4146-9556-ac95ac3c4e9e,daa0f717-9592-4b6a-a087-71fd01f2fe67,False
77236246-d7c5-4a5f-b3a9-d36167437808,6b865597-79d7-4dc7-9bbe-2ebbfb0d3a16,False
7451b14e-f66b-4739-9c4b-91693b4ca855,81b8a50f-ada3-446f-b3a0-3443c4778ae1,False
f6a82737-8e43-4d22-9e96-a4fc37951f30,59ffce36-47c8-4f9d-b035-4a7f0716528c,False
aad9ee6e-49f3-4d54-b428-201fe8da0ce3,f2e28548-863f-46f9-b885-d2d631d774df,False
db1133bc-bfe1-40bb-92e8-be9a9c1e045d,56dc25c8-719d-45ac-9ff0-bf9967589782,False
64222dcd-8e95-4f92-8627-08898aac338b,76c8cd03-bd08-4123-960a-a1cda4b26e77,False
6daeab67-6d2e-4d4c-9fea-67b0f66ccbdc,f467a74e-20f8-4d7a-a10a-b3c218b25fac,False
76d18051-4e95-4cdf-83cc-eae029e8d633,567d19bf-22c6-4d0c-afec-ac9aca88952c,False
07eaac9d-7c16-4058-ad48-82a0565f74d0,0822e481-4724-4755-9431-17b3b7ec0109,False
7f1accc1-bd5b-46cb-b5b6-62f6421d9b0f,eaa39011-da5a-4de0-8b98-061b5015d494,False
b14c1f2f-c995-4b94-8b0d-a064743cfb4d,5272453a-9aae-408b-8368-24a4b115c6b8,False
21eb15bc-c4e5-4cb2-8824-d1250dc0b284,337c750f-b582-45d7-aa6a-6aff232fa6d8,False
784009cb-c2e1-4981-9826-8fe01e8448ed,c87b2447-f4fa-4a44-b207-bce64e9e2608,False
0971af5f-2c19-42ab-8aa1-0a63145e123b,a2c073b2-3c87-4398-84ce-dff9c0b23fd9,False
730e6855-7dd5-4809-8642-cd895206e67f,a2fef218-69fd-4d87-b7dd-1a7a3f999be3,False
d00b708a-4c9b-4146-9556-ac95ac3c4e9e,84a09b0e-eae4-4cac-8e45-5a922a8ad210,False
3be4c70b-f95c-42d4-a5f1-4f2c83198e8b,852dbf54-a4ec-41c3-a4bf-48198e43bb08,False
13169f1d-3030-4cc8-926c-bcb6b152b51f,102f343d-6497-4ee4-a538-0deea2635415,False
f6a82737-8e43-4d22-9e96-a4fc37951f30,189795aa-65c7-4d1d-83b5-49400a290390,False
ebd1c97c-ce62-407f-8185-544a200e2ea2,3ad6d67b-14c1-48a3-aaf5-7977b7ecdfe5,False
c79e84de-b8b3-4bed-9d7e-7c5ee798f5ac,62191f29-0a1d-4780-9fcb-3f800c62272d,False
c20aae99-60bd-4e8c-a918-3da4db7336b5,8349d824-e173-4fdd-9ba4-a313f7ce1420,False
4e7ce474-9f9f-48dd-b2ca-552b2028e84b,d61880d2-8458-43ba-8b91-dfade9e74342,False
f9b22e27-4863-4268-a858-628663cbd119,db67d990-8c7e-463f-b7a4-af6a7ec71aee,False
0c31984f-fab3-4d52-948d-8bd4116e6708,8ce75e8b-852b-41f3-a9d0-ad95b2078c3b,False
cd194b84-6d9a-4892-9067-58a463e535bf,a1900a1a-ed01-4bea-ad03-7736755bcf44,False
cbab1052-8249-4c03-a03d-6842fb2f4530,ce39d568-cd70-45e3-8bc4-f1a57b36dced,False
2f30d169-94c0-45fc-979a-e11856f79226,c1ce34c0-0a14-4ed9-aa02-cf143d14e96f,False
f27f49b8-c4e7-4f2b-9752-ca2029a7f037,81eb8ee4-55f1-402d-838d-bc610acb5932,False
bf7a0645-08ee-428e-a2cc-3894e45bbafd,d40e3200-cad5-4050-b729-77c37075ac8a,False
8704f6e8-6b3f-4ef2-9368-2cc1813805c5,ffc02634-835c-4ef9-8929-0907ee17badb,False
137e3209-6b74-4dbd-aee2-6a4ca030f400,ccf09ecc-396f-43ce-bc38-4d0e46ecafe1,False
bc36cebf-c838-4305-a143-c669c5ef57f7,837aab14-4826-4752-a4d6-c2ab03e7d706,False
c1a9fc24-fa4b-4f83-b021-2f8e69601777,6931adac-82d7-4819-a0ee-76c85059958e,False
8b960631-e532-49b8-a42f-724588f2b472,cab9a201-1655-4bdd-8b45-0367471f6075,False
30722daf-0bff-4481-8fae-4e15f83afee1,1d47c630-3ee5-471d-91ce-73d10fa1facb,False
7a68f1e9-83fa-46f3-959c-a3e8d57383d0,b2fe7175-d74d-4ae0-b5bd-e30a846b008b,False
e4ba0d7f-4874-4381-829c-52baa199c14b,d6fa44af-050f-4402-b95c-3a92514afc82,False
8853f8d4-8303-413d-bddc-665fbc52645a,0fb6599e-8a5e-4424-b02f-4143d8b56a72,False
b7937873-791e-413f-9923-6f86b096d623,ae647e26-be78-42d8-bfad-2097310198ee,False
1d55b45c-505a-40d1-ab30-20f91693aa73,673092ce-52bf-4ed9-b92e-c6f153671faa,False
0513c3e3-d357-4afc-9018-b1d12659abfa,219b2d2c-75d1-4dbc-88ff-a77a3579953c,False
be167452-2de9-4c67-be18-4744fecaab51,0501458e-b183-4c45-b598-6f2c0a56b22f,False
28329f13-62c0-40ec-a084-e54d19bf09aa,b73ac71c-2fac-41e8-bd14-c303dde2e68e,False
db1133bc-bfe1-40bb-92e8-be9a9c1e045d,8359ba4a-749e-4ab0-bed2-dd2ddb59622c,False
b9099eb6-c056-4d9c-8ab8-994a54f322df,e95d3358-b0ad-49a5-8da3-679a0e73a4f3,False
8e10658a-ee7b-4404-a66e-5554dc54614c,4f4e5515-2b9a-4331-acee-5f3ef63d2157,False
8704f6e8-6b3f-4ef2-9368-2cc1813805c5,0d084d9c-f797-4f28-a079-a9f21718b2f8,False
95b2c542-c920-4710-8a36-2a979dd49cd2,2f2d3d9e-adfc-4148-819a-f38dec2bc697,False
bd730f78-3762-4a7c-9afa-5b606dd452c8,6c680e5b-0780-4025-a555-bda063431fd1,False
f90feaaf-aaa7-408e-9718-8de8a7b2cb66,811336f0-cbe0-48e4-8523-40ad77d54d46,False
c74d57af-a471-4faf-8072-71db600366be,80909fb7-bb22-4f37-8c3e-c21832c68c04,False
c97ecb78-a554-4d84-aec6-74b7eaf2f97d,db546237-e9da-49d7-a507-fa2f42e5c55b,False
599918b4-3e11-4368-b3a2-c31a9dc0dc3f,545670a5-b294-4aa3-99ed-c48fa53888c9,False
69a0c0eb-220e-443b-baa3-faebec7a4ee7,c3568b7f-07ca-49ce-8ab4-e3cbd92a42d5,False
7170be95-7cb7-4193-8aef-d43b9d60cb06,2e32461c-c19c-4a0e-8722-be1b7e9ebe5d,False
2e20cd00-bb14-404c-b4fb-cbd6b9e7b8bc,cbabd33c-d308-488c-8c61-bede7adbbcc6,False
5bf59483-0ff6-43ee-b1c4-e01098d43885,05ca8d2f-dc89-4152-bf37-245d68c679c7,False
eb4eb272-2b7c-419f-a492-897285daa737,462ed215-66ff-44fe-a985-4adff2b0eeb9,False
4304977e-45cb-4ce1-ae66-72c9f0949a3c,759a00c5-efe4-472f-bd51-0efaae79d6fd,False
3fcb7b92-dd43-40c7-b6d9-29240c93e314,7801e5e6-ee61-4e14-ab15-a3788885f2b7,False
89cd5648-eace-4714-bc5c-3fbe77caec65,8ed2abce-f57c-4ddb-be2b-55282e29c80f,True
0bc170cc-c320-443f-8cdc-d7c2009dbc5f,f9556ca4-7079-4193-b03e-a5b91f5967ad,False
8d10f7f4-18f7-4064-b0b0-2c5c6af41989,635f62e9-285b-4475-a444-3a2b09845acf,False
063854cf-2606-43a7-ab51-a6058aabf399,e0235ebe-2af2-422e-a9b5-25066ecdbe61,False
8069b8cb-86b5-4d4e-94a9-f4e0ed68d258,4e914a03-f654-4694-af4b-ad6015e720e2,False
0971af5f-2c19-42ab-8aa1-0a63145e123b,764a7015-1741-42c9-b6ce-87c8079e501f,False
831f4abd-1459-4772-aef6-4adaa3da61bd,1e050377-5c43-4f17-85cc-cb2ec8e06a4f,False
1d2f76c0-9672-4d00-bb23-a352f20b1386,58f57942-6790-4f40-9a5d-b146c916fb2e,False
279e807a-8fdf-42d7-9f5e-30b3ea11d70b,5b2bd76b-c146-4f74-a33e-c385fa514e4e,False
d24b20c8-7ca6-42a6-a799-e0a4b15b7681,2cfaf68c-5061-4d9b-b03f-61038d725857,False
1b484e23-8712-4ce5-999b-49910f38847b,06d70e98-49cb-49a9-bd84-a1b63edd90b2,False
471def5a-5915-43ea-8547-6a1da164caa6,4dbd1e1b-5d6d-424e-94a5-5b8f8ff825b1,False
af9ea6f8-9840-4d3c-acad-183a765a11e0,4887412c-ff8b-4e24-8485-600c5c60e2d2,False
2bae1eec-39d8-4880-a3ff-fc473a838293,08add79d-f3a0-4a1d-a630-99e8cd123467,False
795ea073-7d58-46f0-b6ef-8727000e8f33,276bbbc2-bb95-47fc-8000-0b8f58ba54d9,False
e73d7c7e-1b70-441b-b996-e35ea8f09bd9,98205da4-4e3e-4629-a3e5-e27194bdbb22,False
c233a4ef-b71a-44ec-88df-b85972e01a19,57a12f19-2003-47cd-bb87-54e4f5d3a4fe,False
53d1ba91-01bf-48d0-b224-4ef973e36ce3,31a80d0f-314e-483f-83c4-0fde400875fd,True
ce052a3a-f2ac-48d1-bee6-65bc4cf1add4,cd4f688d-642d-440a-8a87-a0912fc176c6,True
38604170-2c9e-4c41-a029-f2afc2aad72f,ec147a38-ea4e-4d7b-a76a-c84bfb80127f,False
0513c3e3-d357-4afc-9018-b1d12659abfa,03782756-647f-4338-82c1-fe1f6a1dfacf,False
04c58ade-8e36-4b0e-8713-7ee62a9bfb36,15a587a9-012a-4f00-92d8-2df210591028,False
c2a99c2e-f3b5-4dd5-84a7-b1489883c67e,cdd39727-3789-4ec0-957a-6afb241f0a22,False
c62f0c9a-27fd-4a1e-8e21-818f4419abe0,1ee48c85-2f71-4bf6-9adc-14edb4f228af,False
cd2d91b4-1d01-470c-8b51-20cb06572a6a,8ae4a903-6481-4d6b-b95b-33fb11851d80,False
83a41eeb-d41c-4fa3-8576-58ea27435d2c,fb09a9ae-117d-4919-a421-6f4238567ce2,True
8663f178-b281-4463-bc9f-ef675141d532,f0ff3fbc-90ae-4551-94da-88c484fa5beb,False
e0d1a8a2-99a8-4d5b-8d37-e0f0ec5de880,3d2bdbcf-ebff-4323-a410-709485c2eb9e,False
b7937873-791e-413f-9923-6f86b096d623,16705a0d-4b81-431a-8adb-72ee53fc9bf6,False
2d4b098f-3d83-42fb-afcd-c2de36b55006,64ae8d0c-2c17-4856-876a-8689e604b0ba,False
04e3b946-1317-449c-9da0-321aff57aa82,a290132e-90d1-44f5-8fb9-db93d2d4c4dc,False
7fe07735-fdfa-4622-81eb-0a527f49b03a,cda5f1d3-19df-43b8-99f7-bf70968ba4a3,False
353a8fd4-cbf0-49c5-ae5a-d38a52be9219,710a6508-4844-419d-91de-751a538336e9,False
96bcdc69-b362-4014-b10d-15f2d08d480a,2ca2dd5f-dd25-4662-a0f9-976396443898,False
260b0c01-dcbb-4fde-bb02-06bd2cdf76ae,33389c7d-2335-42bb-8b31-57452e847a5b,False
07eaac9d-7c16-4058-ad48-82a0565f74d0,065debee-8d60-4bb1-a1a9-ed91bb7a9af2,False
c7cf19fc-f718-4422-b3d0-e51146eae47b,87d35cc2-3810-481b-bd8a-fa8105177ebf,False
9816b21c-c0dc-47e0-9485-3064e70e8627,da99b724-239c-4c35-8fec-1d5b9b78d06c,False
0213170f-5c1f-4fff-a8c1-7a4bc125635e,f4602e74-029a-4713-8680-6998cc91e649,False
b640f893-f635-4cb3-8956-f53fd10edb79,0769d81c-eaef-49b1-8c7b-25e0378d0be6,False
b0f99e76-3741-41db-bc29-c0f0cce2629e,39398831-8dc0-4439-a2f9-6df65bd6c211,False
e3550c5f-e155-457d-bde3-b0121a59dc72,a903168d-291f-40f9-b753-33db4a7ae296,False
a8ff7742-d0cc-41e2-8ec7-ef1322c029f9,c671c829-5880-4406-ace9-55b3b601395c,False
5024fc2a-f067-4125-a18f-798c7c047832,96e66f38-720a-477d-ae4a-f5a94a11d574,True
94171bc4-441c-4f0c-a0bf-b55a67d61486,9c576198-00d2-436c-ba63-e79f35c0c052,False
8c44569d-c27e-4888-8d99-e2ecc196d5e2,bc7142e4-f8b9-40c9-983e-7a96170d4ce9,False
b2a90862-2555-4778-8ab8-bebb0b73224e,48a39ec9-1550-4176-a305-7962067e057e,False
b7ecf4b1-f8d7-44bf-a6c8-698ce9ea7378,438356cd-8b91-46e6-b281-cca6140c7f2b,False
5a19fb81-8aca-44a1-8886-c7d2db3175db,f387c1b7-e6ab-4095-9e74-374da30664bf,False
6a48d1cf-00af-47da-81ec-d6cd4c4ac1be,9298e0bd-e919-46a8-b853-f03ab3fbea77,False
5e073cef-b70f-46cc-834b-3a655dd3e251,1d2a9a96-3574-44b9-9bd4-7203d3b541ca,False
0513c3e3-d357-4afc-9018-b1d12659abfa,e23e2a7f-875e-4d41-9fc4-e23ebf594e0b,False
c9995ec4-8ba3-46b3-8809-3dadde0550f2,5e0b16c7-20c4-49ef-b2cc-92b7a449c1cf,False
18e90f8c-c6ee-48d5-96af-6ad747e936f4,452cf225-fe83-47c5-9776-ffa26faf1133,False
64676c3c-3f2e-4153-9099-c82926b234f8,c15cde09-e1a3-47a5-bf6e-0b003117c7f0,False
45aca302-9f17-4595-8f56-1106c7001d1a,47b03238-6008-4c1d-ad83-00a919bb5236,False
c75d873b-2320-4e92-a032-757db5088065,ee772f11-7ca0-4c44-8129-31be2498faf7,False
3adb2883-8b5b-423a-beff-11129a2e05cc,94810eb3-6285-43f2-bb91-043ab016889c,False
15026c1a-fb53-453b-962a-f3bd94fbd8b7,fcfad301-4741-4ab3-a85f-b3a3a43dbe3c,False
3e771b8d-9cbd-4cd2-864c-dbbe58a6f026,caa201ed-bf75-4c26-bfe3-8f18e1e72f49,False
9e8399ab-7ea0-4428-8174-e62c8107da03,55f3b1f8-5122-45f5-8961-79934713cc84,False
85a509c3-4759-499f-b7bc-aa243e27c812,57be3fa5-8332-4aec-802d-2ea0b5333455,False
30273b41-7085-4ea1-8ccc-b0996d642c12,527dc706-1458-438e-9053-c7b8d93045ce,False
e104b643-acff-45a8-91d9-4b7960d327fa,00bbd9d5-627f-4114-b934-b5d204428f78,False
6146ec4c-57eb-43b9-a9ac-24bf1b9c0c62,b6f56980-431d-4fd1-a595-10ce75cc7820,False
3adb2883-8b5b-423a-beff-11129a2e05cc,87dfe385-1948-4ddc-b0e7-fbb218dba1e2,False
02e08007-a899-4e09-aead-1b47128060cb,81413855-0343-422a-9491-fed833729278,False
5cd823a5-ed84-4c74-9e39-d2886e1dca80,41f99f5f-6994-4d41-9bd5-be32f0ca372b,False
69dfc488-62ae-4c00-95e8-5e22444e31ad,9d814541-9f68-4f41-b2e6-26267529a9f6,False
42ffab51-132b-4a3c-9a5b-5070c122c57f,dd25e907-a87f-4015-934b-bb5d1d994361,False
1b1192ff-32be-4a8b-893b-3c6578f10501,e3a59590-998a-4822-b655-9ed7d671b36d,False
5789e37e-963a-407b-b2fc-4c29241c2847,ae7d2309-08bd-45b1-accb-87e506fe6725,False
8e6af5cf-876a-4781-b1c5-0d5448899864,e2d16a1b-802a-47fe-abfc-39f9009015fe,True
934d22ee-7b6b-4479-8269-ea39d7bd41c5,19bf2986-f009-431d-92b2-7947c6ceac03,False
3fadd147-1b6e-4963-97ae-72a8aa1cba01,8d59544f-b704-4fc0-84e1-e75ce6c34322,False
24f9e2b7-6b67-466b-85c5-59a106fb3c13,26e469c6-5a34-4806-9b27-7952f09f1521,False
4304977e-45cb-4ce1-ae66-72c9f0949a3c,51831664-8623-4c1e-88cc-8b1ae5dae646,True
34e5a76b-b6de-42f1-a59b-27b8ff2387de,32725933-0870-4503-9a92-603b909dcd02,False
5cd823a5-ed84-4c74-9e39-d2886e1dca80,4902828d-2961-45d1-8f67-6f2e78c5a91a,True
a15b0b78-0c05-4595-b42d-d82a0b9ef0fe,38491e23-13a5-4147-8f82-d1ec9220a313,False
491b6c98-6730-44fd-9b69-d6210dacd5ea,14538dab-7e10-4c14-8d39-78325c7b314c,False
462f6edb-c549-455f-9d5e-f216088e88f7,8ca30b0a-8e0c-46e4-bcd0-16fdc7781650,False
4f7d31ba-af17-4041-921a-be1fd6dc5d64,bf39643b-7d12-475b-91e6-751b2c19eb8e,False
e34786d2-4443-43bf-aa4d-7b5b079cf20f,06778d01-719c-4721-9897-c30e313164a6,False
e3e0351a-648d-4d98-bc6a-3ee0b9cd5898,cb2f4574-ac92-4e43-b7ef-420e4b9a2d97,False
1ec17a51-b6bf-4776-8d07-c9df2fc5f806,0eaa503f-02b4-4313-9604-2969d5fd2e6c,False
8e10658a-ee7b-4404-a66e-5554dc54614c,626ce47b-d101-4892-a95a-970534fe2b00,False
b504458e-b544-4f74-b94c-4260d3b41e8e,29b9137e-0637-470a-a6bf-f36b3559c452,False
e205b582-ff5a-4e95-828f-69d42d9c302d,9c6ed75a-7281-41dd-9d75-3f50235bbd5d,False
7c22944f-1af6-4c78-9ca2-de677d0af310,4659a6b0-063c-4879-b746-423cb30e5cef,False
8d369d26-53fc-46ac-8999-32d43cdd2324,aa7f8a51-166d-4418-a192-76ec187d6fe8,False
17a992d5-0941-4dbc-86d0-6f62a715eb09,0eaf7f0b-ff31-4122-99aa-276f63fdf79b,False
6499d24c-9b23-4676-a8a7-ca9c3437ed9d,37990938-9c28-4521-8ca2-c61096637a93,False
a854c3af-e0aa-4d10-adde-db4beebe84b9,5223fb78-f903-4210-8e29-81a6a93ac6a3,False
9213dba7-1f82-4807-a4c5-0488c9da4448,1856879b-37a4-4700-9aa6-22fb9fca75a8,False
eaa3fb2b-84b4-4df6-b155-794a5c351fe1,2596630a-7e26-496f-ae3a-2af628917b0c,False
cc22b8cf-1396-46d7-9eb0-2f3c26cb04a1,45da0857-2f80-4b58-951a-cea25b3a3563,False
1b1192ff-32be-4a8b-893b-3c6578f10501,036e708b-f3f3-4ceb-b6bd-6ce0847c7bc5,False
5d7f02be-e771-42fd-90f6-01d183f3643c,c9871103-d7df-4e18-b796-4a0c0cf23102,False
e6e3000d-79e5-4102-8b35-752c20465764,a453f303-db48-47c0-aa79-40818c46b4a6,False
c265029f-da06-45fb-be5d-44e338d05b3d,14842aad-5b4e-400a-9cf1-3c0c1d566b41,False
c4879e45-0e84-4c49-b17c-9671e3ec6b13,37899121-e89b-493c-bbd9-a4af8bda3b71,False
a01401bc-b732-4c1c-a34b-b621c8411691,5c91ac67-91af-4b44-b79f-da32ea0638f1,False
d45b420b-c640-4eef-be65-19a8778e2cb4,35276625-aef9-4b16-b3cd-75698bd75d4f,False
4f4e8165-5a71-40f2-a563-24128de886dd,8179990c-3135-4b2d-9962-c755ebff5030,False
85a509c3-4759-499f-b7bc-aa243e27c812,aeec4b58-4d25-4272-9461-01fd4203322a,False
be167452-2de9-4c67-be18-4744fecaab51,b6856dcc-09ec-46d6-9f4f-7c5e43ad79e5,False
593fd4e2-ed10-4cca-9829-745cc1b630e0,c154a6e4-c5bf-4019-8862-c3f4f566d4c1,False
d3233bbd-c1b6-46a5-b51d-5497a76afd10,1379506a-b485-46a5-a176-e2268030994d,False
5ebe7990-3876-4bb6-92f4-60e04d799432,cbc543bc-6505-41fd-8d7b-44b1a2946033,False
82531eaf-135a-4d08-9a02-1614b33e7910,ec9a4cf1-b164-49cd-bf16-d970c5c102c4,False
8e3539a7-9db6-4b7b-935f-05782df0aa7c,0e3883be-6f5b-429e-ad46-7bc5c985d91b,False
7e9b5d1c-f300-4e4d-b55a-6a37d1a83283,3c6ea4c4-0fa3-4879-b1d6-88366076cbfb,False
6d7a765c-eb45-498b-917c-05ae397891fa,1bfea219-ae39-4565-a00b-d37a316268a8,False
b542a0d5-028c-4763-addd-86923b254931,489afb3d-07ce-4be8-8770-7b585995d09a,False
40fb280b-f53a-4bf6-ba63-fe1eece3acaf,a2b1bd20-4d87-4df8-bf68-b3532351c635,False
7bce62ac-44b0-418d-adbd-c5dfc97e5fc1,3d0a6659-e30a-44a6-96d1-bc2b907fa8c2,False
30c816db-c69d-4d38-800c-9a2e8f927476,3936e7f0-7604-41e9-80c4-167019bdde72,False
5a988561-0540-44e9-85b5-137cb01a50ee,0db2e533-9f44-4599-af13-6635fdec4a13,False
aeebeb0a-b4be-4ebf-b0a9-ced59fc06a88,aed0b5d0-dfe0-450f-b8e8-540a415a0c22,False
f6857e3c-51e2-43f8-a524-7683f10583d7,6e80edd1-bc29-48f1-b6c9-ebc208f27ef9,False
906e7972-4a0f-4cd4-933b-bd8b2dde7690,bdadb99a-dc50-44f7-9d0d-cc928173f79f,False
a35df2a1-d385-4c3f-b666-98114e5aeb77,37bb22bb-ac86-443c-9912-a71f66c03bd8,False
acccbe31-d576-4883-bdc2-1bde52b99415,0ee52787-86db-4bc8-b70d-af990d1c4553,False
c681aae7-c743-4cb2-994a-879a55797386,fea2be91-a1fb-4268-8bbb-ea44e482f6bb,False
9294199b-b2e0-41b7-b1c6-cf68ab84d846,a140adce-51bc-4f07-a596-3518ad5e2b57,False
0496657d-8623-4f0e-a8e9-3ace6ed2657d,d64a86ab-03a9-4a28-9f30-af8bfbacda12,False
1cb7189d-9c54-4ac1-a2dd-27af27260d5d,b528bd8b-50a6-4cb1-a61e-ec9294023cff,False
d618adf3-63f7-4452-997d-83d8cba1d2af,a5971929-3302-4e6e-b1df-0e5edde6b598,False
0e9fa49b-6a8c-4424-882c-81e1843a3d7f,45d05d12-e704-413d-9b0c-c82f3debba7a,False
a9e9877b-b68d-44cd-b780-9d7cd733ae18,6feae60c-74f8-43fc-8de0-213226f8a951,False
2a228752-23db-43e9-bae4-291be50bce9c,cb145697-c3da-41fd-9d48-6a64f36ed2a6,False
f2fe7883-175c-467e-a132-a4f8a6c57e2e,2f03c116-b63d-4317-9088-56c2fbafbda1,False
77236246-d7c5-4a5f-b3a9-d36167437808,ce422f43-f6c9-4fe4-bda0-2d488dae7fdb,False
8df9d584-c39a-41ab-8ea5-1c10ac80d588,094ba849-4636-4000-abd7-3316b20b45af,False
b14c1f2f-c995-4b94-8b0d-a064743cfb4d,3a0030e4-c956-483b-95ea-721378256e4b,False
31c1a4ae-314f-416e-9959-e5c8fccea8c9,aa290e67-71d6-4a53-b754-79bcf1aa5e22,False
6d6cfe6d-7812-4b0b-a1b3-7b6195e523d6,a57551c5-1e57-49e8-90ac-647ab5543af7,False
a3f8e6b8-f45e-483d-baf8-bbde713f1cbd,268858ca-7ffd-41cc-90a0-5d4e1189980b,False
f90feaaf-aaa7-408e-9718-8de8a7b2cb66,e2663666-312d-4b57-b6e8-1804e8c78874,False
71a95a12-21ca-4cf5-b244-7014e76ae21a,4875e48d-435d-4c10-8635-b047a3af28a8,False
1e812f9a-5b01-4d72-bf38-d57276bb7878,6fc05fbf-82fc-4059-8d40-61c7e9d95b9b,False
31c1a4ae-314f-416e-9959-e5c8fccea8c9,2b702efa-b73d-45fb-8ce7-3d88f0221355,False
e99c774d-3a9a-4ead-9e10-ca96869deff2,54f07973-9af9-417f-8073-9f16dba38f05,False
8853f8d4-8303-413d-bddc-665fbc52645a,5f90d36e-af00-4bdb-a8f3-6ddb8fe4d822,False
40a4aeba-136f-4fac-9771-8d0c44153af9,360e1642-8006-4a24-aa6a-90f7c553e2e4,False
ebd1c97c-ce62-407f-8185-544a200e2ea2,aae0aa00-4f79-48ce-90f5-e5a6bc96c89b,False
0a032964-98b9-4edd-97db-3c5191e989f8,a32de23d-eae6-420e-8507-f4473cbf35ee,False
a74e2c2b-7eb5-4bb6-b9ba-e17b2366f99e,6c0c1c77-fbb5-4f1c-a57e-5ac0cd29c33b,False
feef034d-1686-468b-adcd-934f49243c70,a3d7ee58-f910-4092-b2c4-47a40e566443,False
6daeab67-6d2e-4d4c-9fea-67b0f66ccbdc,267fa3d7-7526-46cc-b92c-c387d0e9c3fe,False
a9f3fbc4-9bab-4dc1-bc63-3bf5cba94e28,afbc39de-ac68-4e7e-ab96-7669812799f7,False
28dfa12f-8dca-47d7-ac4d-723c4dfb9f69,dfde2b2e-1ba1-4ff8-a920-fb534ced0167,False
2c6a7f50-3125-46d5-8d73-e839695b92d8,ac5bd106-dfc6-4042-9152-343768cf8516,False
3b6b7eae-57ee-475b-b24d-0fcdd844226d,4e178c0f-d682-46ff-b400-7874122ae3c2,False
a01401bc-b732-4c1c-a34b-b621c8411691,0541a4e2-0fdc-4245-bab9-609353006e26,False
8853f8d4-8303-413d-bddc-665fbc52645a,b44de50e-36c9-468b-baca-db00f23ce06f,False
a3a4f8ab-07f4-473e-91b7-3c056493bc41,e1df6b55-17ca-4b2e-90b9-2e45742ce397,False
8c44569d-c27e-4888-8d99-e2ecc196d5e2,ec7bf6cc-dbfd-47ce-bd6d-f2cbf6b2517d,False
7015823e-f877-40b4-abbe-583da8b40b06,95c955b8-25b8-4b6b-9642-4107e6109837,False
4bed8fbf-5cdf-48e4-9f9f-15f973229d5f,9e14736e-4f3b-4a3d-8823-ba3bd4a4c4cc,False
87a9d72c-ffc0-4fee-812b-a37174ca9e02,85c92281-cfe5-4cb9-9e7f-69371dfa3d30,False
c66ecb07-d64d-45c1-b12d-9a5a58fe89ec,bc9ff62b-37c7-49f0-b826-478937163e73,False
a57759e9-1b54-4c0f-abce-e5374123a7dc,d13a396a-9027-44bc-8f6a-b2155a5735de,False
6944d12e-f648-441a-a798-8be1c5514b92,4238cf34-bb6f-4f52-abf8-9175c4c096c2,False
6a16e15f-f7df-434c-b19c-e319d563e587,19df646c-9ab9-468e-a4dc-456f0e8b14c1,False
94c685c2-f298-434f-b58e-20b5dca2638d,4e286d7c-4e23-497f-b06c-6b4e12a47d45,False
b2a90862-2555-4778-8ab8-bebb0b73224e,d11447b7-2aea-42bf-b0f3-090be536b7d7,True
e9255da4-b752-4348-ab6a-1a57a2db1ee6,fa15167d-67e4-468e-b492-56146015720f,False
c56c6243-f98d-451c-afd4-a6b7d659ebc6,4d8caa31-4e51-4925-9eae-60618f1bbe9d,False
34678047-bdcd-4067-abc3-2b6fc38ced92,1d6f5dbe-21ae-46f8-8add-26b696f265b3,False
13157e78-f54b-4bcd-8ca1-859a23ebb0ce,cdf0a429-90f8-4286-a9ff-964f01946fcf,True
41801766-7f2c-4d7c-8ab1-c48a9fb800e2,562deabc-889b-4566-8b96-90bd0cd882c5,False
9b0e8aed-9109-4cee-b66d-82ee913b5bbb,50eab76d-26ce-4b95-99aa-4164975e4479,False
befad07c-8ef2-44ad-9186-c852e120017c,c11fa0a3-3237-4bc8-8533-789e6c6a6fe0,False
b6a63248-91f2-4d9c-90d9-75516a83e245,d97065c2-8633-4750-8e93-db79c917dcf2,False
d383cc64-e7ca-46dd-bf63-4625d6dace18,a6cb218f-a56a-4c63-b49c-8db2c9584cee,False
f7a40060-7666-4e43-8ce0-f78aeb121f4c,723730d1-011c-4c7c-b095-ca654c2ea4e4,False
d1c24595-0c01-4882-952b-5eb3aa669d66,44a60997-e468-4c25-8f07-932e9ec7088a,False
7b19aa8e-dd4d-4c71-8532-4288b698e6bb,3e6508a5-e755-465f-94e5-b3780da732ae,False
cf9023bf-bea8-43c0-b5c8-7e98683577e4,87eea070-0290-4d9f-8d6e-ab5db94f41c9,False
5306d54a-ef2b-493b-935c-ab61346bd85a,68692971-634c-4832-90cf-9cbd17449732,False
e97123d2-d996-4bb1-ab78-d683a59ce188,e39eced6-e496-4778-a790-24bb480f7e91,False
bf7a0645-08ee-428e-a2cc-3894e45bbafd,53f0ffbf-80fa-4b35-9c6d-e8f941a4d5ca,False
d9882323-33a5-4f46-bbb8-0adb77005972,41d36459-b73c-4325-acdf-f3801088eb4e,False
df9cd5d7-141b-4122-9348-ed32481d51cd,fb05b9d6-c61c-468d-a095-c74467874fd0,False
8e10658a-ee7b-4404-a66e-5554dc54614c,307aef7a-c4ab-459b-a7a0-696d6da9c78c,False
69a0c0eb-220e-443b-baa3-faebec7a4ee7,6ff86096-4013-4d6b-9c17-59de8c0fb5fc,False
812e4563-dff4-41e7-9841-e8371ad78607,8a9e1c2c-1daf-4e51-a312-67ab23e63b0a,False
34678047-bdcd-4067-abc3-2b6fc38ced92,1e07f724-aa70-454f-b42c-10d217d24d3f,False
58873ca5-4d0d-43c2-aa54-d07fa2aec417,9579b0fa-5dd2-42d6-9bfb-f1259f7e2569,False
fb3e5bc2-e44c-49d7-9592-f5fdd238fb70,31ca2c56-8c75-4fc8-aee1-ec3e88989ff5,True
b80a3821-cff3-48eb-8166-8db0feec2c05,c56f9a66-f64e-4760-b626-f4e649f48452,False
dab8cdd8-23fc-4681-b75a-997c75ee3789,fea8e3e5-212b-4636-86b6-828389d204a0,False
f0b1f478-dd14-4da5-ab93-68f9251cffc3,369e6837-f305-4433-90f8-87d855721580,False
b27b2d17-37f4-40c4-8506-3cce28eb2f4c,e5cbd4dd-622f-4804-a52e-7c9a754ca5e1,False
8b0705ba-b454-4fdb-a15d-6f1945cc27f9,2e43b857-f32b-43af-8a8c-c81679d082d2,False
f509669c-b4a7-45c5-93ba-918450d3d32b,6d476e40-34e3-46f8-918a-271266e6af89,False
dc6c0533-aa2f-4fd6-aa50-bef9203d84ce,fbbbe057-e761-444e-96ed-61c3e718908b,False
9a9feb08-d1d5-46e2-a802-f9331df262fe,a5f4aeae-6896-4657-99d2-fe9f506079ab,False
bc36cebf-c838-4305-a143-c669c5ef57f7,1faef81c-a368-4d1f-a749-f0e593b324c7,False
67180508-5597-478b-b223-e1449701bcff,c8101914-c842-4031-8c3b-9af80a0a7a7d,False
fea7578f-09de-414d-bcdf-8e273e9852aa,f78b909c-b999-4284-b705-5a64a1fee0c6,False
3fbcc53b-3bf6-4582-9456-31161df039e4,dcfbf0db-50a9-426c-aeb2-e0ec31f69bba,False
bcacd613-ddd0-451a-aee8-47f99a5606b2,7c2a1570-b373-48f6-8de1-65bb1c07fa98,False
b4f56b3f-242c-4285-b297-75ebf3b9c98f,8bedca96-34e7-4a58-9489-207443bb5fad,True
4e6482e4-b87a-47be-a39d-9cf678e26313,af908b52-e32d-442e-8c80-e4090d028f63,False
03f16518-d32c-4ceb-903f-39c684d727d0,51fab39a-2430-49e6-9b3f-1a3ea88531be,False
d3233bbd-c1b6-46a5-b51d-5497a76afd10,e098f25e-d2bd-4a78-8407-9ad7ee54b6a3,False
cb559e93-6fde-41ae-9671-7a1deab358f4,5974bddf-a9b5-49d9-923a-f71e104fc349,False
3c3c6f8e-2edc-48d8-a8e5-af9bc964632c,630ca729-e387-4abf-80e8-a491c421a605,False
68c71f64-eaa2-4851-bfc4-4348be58a9f4,d7d1b89a-1186-4d07-91d4-294317dbc935,False
49480cb7-81da-47f8-9b49-775a94e29fc8,9b39804f-fca4-4ef0-9306-9df72e82e8fd,False
d47a206c-358a-4019-a949-36fb306b3e77,5e7f2d26-255b-47bf-b6dc-503e67a3a36b,False
62641011-2c6d-4853-98b5-d91fe46afc15,0f4a74c9-14b3-430c-9d08-a2c9ed48c1cb,False
c1a9fc24-fa4b-4f83-b021-2f8e69601777,6528ab30-e6b7-43e0-bbad-5da282f46696,False
560c7a58-ff76-4767-ba56-2ff0f6a754f4,1d03ec5d-e781-4952-800b-3e6c267dfb47,False
e4371ec2-e64a-432c-94cb-eb836e984388,9b8516ed-e3be-49fe-84a2-e15da9dc65c9,False
29176015-b55f-4d11-b336-6addb0eed530,321ca879-60ec-4982-b139-3755979aa2f6,False
5a22a410-314b-41df-bde5-396afa2d4f5c,c51fd8ff-e771-4237-b09b-5b6b914d15ce,False
b640f893-f635-4cb3-8956-f53fd10edb79,16b31d00-f789-44e7-8401-2dfe66b611d9,False
b80a3821-cff3-48eb-8166-8db0feec2c05,6b1bef1a-4f74-45f5-9483-8b8e3e46b485,False
a9f3fbc4-9bab-4dc1-bc63-3bf5cba94e28,b23b058a-c674-4871-b3fe-59e607bec5c9,False
56c9bded-0e9b-4b68-8c5a-869f8bd02021,404992a5-8b05-48cb-9bed-744f8b82c545,False
6a0f3afb-b768-4947-a4fe-94e229484248,b136cbbf-6b65-450f-8294-7ef44896cb39,False
a191fce0-e6dc-47c5-888a-8e6c3d6fc4ec,8f470b56-3232-4021-9c6d-db2eca016d53,False
64f551a1-f35a-47b7-bb22-bf3edb8c41e8,e79c9f73-069a-4118-9ad8-d07847843a74,False
f9b22e27-4863-4268-a858-628663cbd119,c2900f3d-46be-4684-afc7-56c118067c84,False
7dbc32e7-ebf5-4c09-b265-f99708015d65,cd1f94c4-f74c-4a62-9746-8ebce087aef2,False
9e203b79-2658-442b-a72a-e9ae1680ae97,bf559841-cbf8-4173-ba65-23d98673524d,False
cbb7957a-5b67-40b5-9814-a3dd89b6b351,3d2b3332-e211-4ed1-96fc-dd6bf4d75b22,False
c356cef9-0a59-4e38-a8d0-71d61bdf66e2,319defff-666d-4422-866a-16563dbeb13f,False
52d7cc06-b2ae-46ed-8475-d48d78e69a3f,a1951a6d-7155-449d-9d9d-c79bbffddd1b,False
7bce62ac-44b0-418d-adbd-c5dfc97e5fc1,96de2e5d-7cba-447b-8566-a9fe0ccd660f,False
29116f72-ac1f-41f7-a345-b7f1115b7ad5,d3e2ae14-89cb-40b1-b867-6ae2a2ecf443,False
f3817c68-086f-421b-b02d-daa401217629,1a2a5628-e355-4ad7-b131-fb51742b389c,False
9e8399ab-7ea0-4428-8174-e62c8107da03,c83abdcb-e4b1-44f2-9d36-704316977251,False
3c6b9a7d-ccf7-4195-8074-e56ac55da936,91e276b7-1558-45b3-b74a-d67ac20ace30,False
15143157-b2b2-48dc-89c0-3767a35aa6b4,ba1a447a-1a09-4dfe-90a4-08d024413ab4,False
a3e58e9e-3c04-45d1-9a29-df6cfcdb99ce,ca7591b7-fbe8-4347-8495-a401f485dd4b,False
2b98bbf4-7476-4277-847d-a5ca0bcdf31b,754a962e-9862-419c-860a-a9da1e7385f0,False
e0888591-bd0f-466c-9b79-c88a2a4a0fcb,1555bc62-92dd-4cce-8e3c-b477b86dae20,False
fd0950b1-54bf-4219-8e30-983aa981a63c,60662d9a-0d44-4b39-8335-f170a0fd8848,False
94c685c2-f298-434f-b58e-20b5dca2638d,0ea78bdd-db86-4fdb-9beb-bf246d626730,False
d9882323-33a5-4f46-bbb8-0adb77005972,5921fc49-23d2-43d6-8502-d2464bc4a98a,False
50c36f65-a58a-468f-b2bb-b3fd53793e0a,0c944dbd-4529-4966-ada1-f22524e5786f,False
6d992fe3-d4e2-442f-b593-3feac7ada09c,68d047a6-2654-4397-8171-784eab9d4ca9,False
c2c5b9de-b672-4a1e-a213-f205dc76feb5,02eeabe1-3996-4bb9-99a5-fe70aa7185dc,False
6a13974b-ee6d-48a7-aa51-b54a732deec2,42f3c29a-7dbf-4cd4-9e6d-6297b5033951,False
e4371ec2-e64a-432c-94cb-eb836e984388,d797a5c5-6df5-4f43-983c-68a87108bcc7,False
2a0f384c-e873-4c36-8d78-7d40d4326065,3ec0f2ee-38c5-43d1-8a49-b9565f9c26ae,False
318a9086-f362-4de5-92fd-dac02b69e08e,4755f613-a861-4d39-b3c5-47be989d5951,False
dd34975d-1283-4a51-bd36-36210f820b37,db5c08e2-2ae3-43fc-b316-ddffc4641763,False
85a509c3-4759-499f-b7bc-aa243e27c812,50174771-2446-40ab-977e-e8dcaabc603b,False
56c9bded-0e9b-4b68-8c5a-869f8bd02021,1b7755f2-6181-4e46-a7e3-35ca86ac5bd1,False
970b839a-2152-486b-ae15-4d663db4ed8f,32023ba0-d58b-4da8-8f03-6d246434e6ff,False
462f6edb-c549-455f-9d5e-f216088e88f7,ede073c5-01b7-48de-9ee2-da9a8ff7c599,False
a01401bc-b732-4c1c-a34b-b621c8411691,5bee374d-a2f1-4b30-9bb3-68eb5dec5c0c,False
5a22a410-314b-41df-bde5-396afa2d4f5c,f38e8511-4bc3-4e4a-8c6b-9b3f93b65457,False
c078cb36-a188-46d0-b9cd-498cef95fc8b,f4ac9004-636d-4814-b903-f44cb36c88b4,False
90722945-a4f4-4705-b296-08e90f2e6e07,c3c20e33-5594-49ed-9480-5ec018f536e5,False
db0c5a99-52fa-4f0b-b1fd-101313004198,6f0046ce-2967-491f-bc00-929705470717,False
a5261fb4-6030-438c-9267-3725f3b5ecfe,f2ee4819-65cc-45b9-9852-4a0a822dc8bf,False
befad07c-8ef2-44ad-9186-c852e120017c,1bb5db73-7f70-4ec6-9b7c-b6f796773377,False
247846f9-f388-49a3-8d65-aacf507bdf04,9ca12c7a-e2c0-4b19-ba3a-e5807c341cb3,False
d9c01737-9eb4-42ff-8b3c-33ec843fd256,7fd0499b-3fdf-47ea-a343-40ca5c6cee7c,False
d01fbd19-a674-45bc-b326-484ce4eea98f,7e38832a-837b-43de-b87a-ec218f1b8c36,False
6063fbf8-9e7c-45a2-91c9-548c611c8af8,9a24dcbd-da63-4521-8998-295dddd23db9,False
45aca302-9f17-4595-8f56-1106c7001d1a,bcc86c12-9c44-409f-8654-3dd024136bf7,False
0a99036a-4e84-4f03-ae37-2ce5a1a379dc,9e31bcbe-3ed2-4c92-9667-26afcfc1a5ac,False
13169f1d-3030-4cc8-926c-bcb6b152b51f,0567a401-27d1-4940-99a3-5242f2e22c9a,False
c7cf19fc-f718-4422-b3d0-e51146eae47b,b6d00b38-36f2-4106-b301-f8c239f0a8a3,False
ea0abbc7-b757-4c27-a312-eaa266c3d6ab,0761f042-c941-4ac0-8e74-5544b1a7bb85,False
d01fbd19-a674-45bc-b326-484ce4eea98f,6105d0b1-3dd2-4324-af72-9700d9896a09,False
0374ddd8-9f3e-4189-9b9c-869d1bb00c6c,2c81a4ee-5d4b-4c8d-8ec4-27a02b97dab3,False
dbe4f9a8-e229-43c7-be9f-6a4607ea11c7,75f902d4-7cee-47c3-89b3-dc3e5841c3a1,False
361dcf70-ccde-418d-8a3d-e44a2d553eb7,2d5e876b-2c5e-43f1-806c-71fd91b8e9b7,False
bdfc35f2-7d4c-445a-ae93-f7eda6865443,e24acaff-60db-4404-9d3c-69a25ed1dab2,False
98f930e3-e3db-4e31-af1b-2cd850d41f4c,93e67719-ac44-4e78-b270-a925fff9110d,False
1366191c-ceda-4f82-9e54-965c7a1a0d65,bba169d0-e0ee-415f-bc22-05b97febf674,False
58873ca5-4d0d-43c2-aa54-d07fa2aec417,8f0b7ff9-8029-4936-8dfe-cf4de1d6c1df,False
249fdfab-ea08-4365-90a8-9db18d504520,24acc6dc-7754-4acd-a157-32c69aebbff6,False
5eeb43fd-eae1-41f9-88f6-55308996bb72,ba1b283a-7738-40f9-b54d-7427dcb38378,False
2c641308-3eb7-45b3-a3e6-7fc3d468e6e6,9db8e762-8886-4211-a878-5d3ebcf5cca8,False
0ac51ca7-adb4-423f-85af-69f99d4c086e,b96867cc-d977-4ca7-b6c8-4d2b0c260f6b,False
ee7a7c2e-b233-4dfd-bf36-26d835aa2bd1,6b8c1d7c-e8fb-4ab5-b966-26eace977742,False
784009cb-c2e1-4981-9826-8fe01e8448ed,12eea9b8-b796-4b91-9cfa-a5c2db041a6b,False
1110b7c3-578d-48be-9232-89f95737807f,c3a34f35-bb60-4706-b2c4-ac555bd409fd,False
acf634da-81d1-4146-9c23-cadc1ced4bee,5e682b2a-e5c7-429e-b107-c9110dbfd854,False
ff4831e2-3ec0-48eb-8efc-65f902c873de,bc6d6aa3-cb48-46f5-9b4b-b1329aba99f7,False
595320f7-7d35-45fa-8dca-eba44a58abf9,7dc14e77-abd8-4e76-bc92-0bd626ba22cd,True
2f30d169-94c0-45fc-979a-e11856f79226,a68c7f84-cf14-48f7-bace-88d6717758c7,False
d24b20c8-7ca6-42a6-a799-e0a4b15b7681,b824c5c1-24b7-4333-8eea-66ce5d3057b2,True
cd2d91b4-1d01-470c-8b51-20cb06572a6a,80b8f93e-30c6-48f2-a344-3381ecedb49a,True
ed89f7b9-0444-4c51-aa9c-e58285527849,a39b3ada-84fd-4e1f-a5cc-5ec785b178d7,False
ab5a0f1c-104f-425f-9cbc-bd2f7e0d3862,de0eacb6-f91b-48ab-984b-092690d9dd2c,False
d52af0e6-2931-461b-93d5-f35516e56cba,134618a4-92ed-4771-98c7-99ef7da9051a,False
49737003-6d0b-4e68-bae1-852eced06ac3,4567044f-9f79-4d33-a40b-a2a389958d1e,False
b640f893-f635-4cb3-8956-f53fd10edb79,8a51a060-fc44-4e53-9c0c-9abee4a989ad,False
2d82a982-bef1-42b1-b351-63caab2642ba,480f912f-ecba-4945-ab54-a5c5f96cbe0c,False
fd27d7f6-06ae-4e15-8d8b-6f9b3d42edf0,ce585d0a-8898-4db8-93ca-8efeaeff750c,False
d618adf3-63f7-4452-997d-83d8cba1d2af,ceac053e-cd21-424b-90ad-f664c81f3458,False
045cccd7-d004-4d0b-8ada-93e32ae5ebcc,9618711e-2cfb-4943-a49c-7dc14a64b4be,False
d2669578-0471-40e6-984a-b348536b817d,2defb412-70b2-43cf-8d9a-15d7eebe159a,False
045cccd7-d004-4d0b-8ada-93e32ae5ebcc,a4241fe6-63ad-401e-b0b3-0ed66c1bdad9,False
53d1ba91-01bf-48d0-b224-4ef973e36ce3,d7602017-e5ab-45f8-ae91-41726a85bece,False
6cc8a220-afbb-435f-9843-c01694705e10,e74ffc9d-0138-4709-b8cf-a14d38b0e56f,False
c9356efc-c73c-4ff0-a996-1a9e5eb3575a,a536fdd1-505c-49f2-bee8-1b1015712e5a,False
98418fa8-707c-4fa4-b1f7-f2679ef0e13e,6fc96cf1-fc45-44b7-b300-d602bd30224d,False
6829c6ac-6cc9-40d9-967d-d0ff4a161b06,a0dfe535-703e-4095-8904-741fce7d2177,False
c2fa9a0c-ae65-4997-a031-d0e666b90766,5e6e82ca-6d1b-44c5-87aa-32064f265e0f,False
c7cf19fc-f718-4422-b3d0-e51146eae47b,8f3fe7e0-b222-47fc-a0d1-c81d730b83b1,False
a885952b-e77f-4c60-be6b-aa73bde44b40,68e9301c-d7c5-454b-9ab2-b51cede8af4d,False
d0b65938-bc97-43ff-8ed0-927ebaace600,df8b9869-d29f-482f-81a8-a6ae31608410,False
7650c8f0-baaa-4d15-a1f7-efd39c8bf92c,bf489006-4f81-4143-bc0c-9e3f944da893,False
491b6c98-6730-44fd-9b69-d6210dacd5ea,c1d9db3d-e6b1-4ae8-be4c-5c5eaaa663b0,False
428547cc-b225-432a-a041-53004860fc62,9fc825a0-2ff0-4a87-9370-faf480a6e9f9,False
c332f0c8-71c8-4fd2-8750-e69cb532e0fa,05967337-e36b-4473-b557-6b4f7d4fbe6d,False
8fa05a96-de90-49f1-bc7e-b8f6ee8caf70,7ac50135-af90-43e3-b20a-686e1ab02ad6,True
c66ecb07-d64d-45c1-b12d-9a5a58fe89ec,96af01bf-e7b8-4877-ab32-8fa520ef17c7,False
db1c95eb-cc12-4da5-9b36-08e67182e322,0ee77c33-9778-4a7a-8427-7c8dfb14d70a,False
812e4563-dff4-41e7-9841-e8371ad78607,648c0d09-8e31-4752-9081-86cfcf6efbe7,False
eb4eb272-2b7c-419f-a492-897285daa737,b1a95ef3-3c68-4a6b-bd41-1972764dd5a0,False
b8a1c179-615e-4317-bb32-6fd95b71c330,d02bc3be-efce-4253-94b7-cdd8b3797182,False
29116f72-ac1f-41f7-a345-b7f1115b7ad5,56c8bd08-fd8f-4db9-b50f-6aca466f5d12,False
102fe668-eab3-424e-8d8d-f68dbf6c0815,3b80ae16-8520-4d64-b671-27cc95ed33bd,False
69a0c0eb-220e-443b-baa3-faebec7a4ee7,2a49405a-43f1-4c39-8e6f-da403aed77f7,False
9c845d8f-5e7b-40cb-b266-6d9fda877cf6,d465ba6a-22be-4f3e-956e-a2c2d24401d6,False
3e2d6252-9eff-4a7a-930b-3cafaaa41df0,7fb760ea-cbed-4308-b98e-f5633836df3c,False
cfc8777d-2b05-4d3f-9720-71a2958761db,31922ed6-673b-4a8d-9e0b-6161379afd2c,False
cee167be-040a-48b6-a2be-5c5da64686d9,ff2b6d23-a493-4bd9-8192-bcad8ebdb512,False
1b026807-0aef-4a28-aa8a-4b86e3b090fb,7a6a23ac-439b-4a69-a414-d272a9addea8,False
c73ec4ab-3781-476d-b941-42d26e3e66fe,049cc599-fcdf-46a5-9bff-f4872bc71f31,False
ff5bc03e-4e02-4806-aa0d-86aa5065bb94,451ba14b-4ecb-47ea-a8cb-0cc2831b2635,False
f24c4796-385f-41a1-af2d-15d66b2a16b2,5734a81c-0da0-453d-ad29-3f4b5ebf1d20,False
c19a97c5-05ff-421d-a849-d9708415bd13,ff01c14d-71cf-4026-97c6-7566ea1ace1a,False
56c9bded-0e9b-4b68-8c5a-869f8bd02021,45c3fe97-e632-4b78-9d6c-7507c03444b9,False
2d82a982-bef1-42b1-b351-63caab2642ba,eda4ef4f-3472-4e62-a725-ba0213002fd0,False
4ad89fdd-c4c8-43c8-86a3-a6530bf311bc,04e602e9-64c1-40f0-bf54-ad37d49a5d50,False
071fc5bb-7f69-46a2-9861-66af14e639af,8f5e7bdc-678e-4c50-9464-f932dcb4fc41,False
36347e5a-2adf-431f-808e-e824d198c4f1,19f9ecdf-8372-4dc7-8916-f78a5403a702,False
3d8a617c-8316-4be0-91c7-febc41fae0de,5f22ec08-cd8d-4646-9695-d6223e60757d,False
ac28e83f-c5be-47c5-b683-0a15537ed35f,d5744764-4611-4d72-b757-d30b33dbb47a,False
5a22a410-314b-41df-bde5-396afa2d4f5c,15d5dfb0-6373-4ef0-99a0-d1b32d4dccd9,False
163db866-df2e-471f-adba-007dc0308a22,6b11e9b1-7376-41b4-b7fd-058a036aadce,False
42c80e3b-d8eb-48b5-98b3-2db5cb119fd4,fcbe47ea-45ed-4daa-9777-5988929a295b,False
fb3e5bc2-e44c-49d7-9592-f5fdd238fb70,1fc2f557-d63b-42e8-b183-6032639b1922,False
ccf7bbfb-b623-41a8-8c22-4f524c6689f3,0819aa7d-5ec8-4025-8694-8b767041ecd2,False
a3e58e9e-3c04-45d1-9a29-df6cfcdb99ce,a9a0078a-c9f5-4b04-9dff-73c845a39d1f,False
b265055f-3850-4950-9f8c-a24eff0d2d82,ab9be0ca-8d86-4ab8-a6cf-b37e49b401f6,False
5a19fb81-8aca-44a1-8886-c7d2db3175db,97299442-74e4-43d1-a81c-d5ed6eb8dd98,False
4ae47689-08b2-41e1-8a78-6944a1634aa5,7e68c2fc-6587-48ab-ab27-02658d2b5b56,False
2271e221-1d2b-49ce-bc69-8154844ff898,98da3932-140e-4d76-961f-54dd1342324e,False
b9e3e352-3184-4d28-baa0-3f44c7b89f94,022d94ae-686d-4900-8e70-3977aef7cc74,False
7a68f1e9-83fa-46f3-959c-a3e8d57383d0,ad047544-506e-488f-bbc6-ebc8789ce5e2,False
e53219e9-5fa4-4a5f-bffe-d69adfa6c1b4,20c3fd96-5aa0-4bd0-ae7b-d8862abaa08b,False
49e93cc1-2ec5-4e16-92a8-3a96ab55da21,7cd90efc-84e3-4c3b-bb28-27f734000791,False
26789024-09d7-4f0d-aa88-71711270192f,32c60563-9037-4a64-b8c0-f5f55b8926df,True
3d8a617c-8316-4be0-91c7-febc41fae0de,19133393-843a-425c-842c-870b740b8a4f,False
c332f0c8-71c8-4fd2-8750-e69cb532e0fa,bb681e28-18b8-4fed-98b1-46c477ed8f7a,False
0971af5f-2c19-42ab-8aa1-0a63145e123b,7923735e-81b8-446a-a862-082c95606f74,False
3a9f205d-2460-49d7-b4a3-3d21f383d134,1f7e5eec-0ff9-4109-9b23-30db0d19ff5f,False
25aee5b4-59a6-4445-8de2-270e5e8ad9b5,4035ee5d-ca5d-4ec6-98c9-50ae59a151f6,False
c078cb36-a188-46d0-b9cd-498cef95fc8b,8ef607da-6e2d-4cd2-8b92-b65116a26c34,False
5d7f02be-e771-42fd-90f6-01d183f3643c,38e5eda0-7241-4cbf-8952-58c99883b209,False
9a9feb08-d1d5-46e2-a802-f9331df262fe,58c10a1f-2fa9-4727-b806-3520eb593358,False
e2cbfb42-6205-4d75-9ede-58d76d5cf3ed,eaae4575-d0ff-444d-972e-8fb451d5266e,False
d059598f-9e01-4b6d-b6aa-eae3a80b2a2d,d1645226-a83d-472a-bd8c-76f50b6bfb42,False
e564ec80-b4ba-4c6b-86b4-48280b94b53e,9cc1ca73-c3f9-4047-9e6b-4a6e7e4bfb96,True
e73d7c7e-1b70-441b-b996-e35ea8f09bd9,8d1ae68e-3e35-4755-b87a-87f70ca90028,False
1d05d59f-14d2-4bf8-9653-54803c2d227f,8c0a9a74-5be4-4191-bc56-409fc799f161,False
e82dfacd-63c9-4e02-be89-64d0325cebf4,fbbd2d5e-6742-4e03-8a23-a446defb1ba9,False
e3e0351a-648d-4d98-bc6a-3ee0b9cd5898,4bde7d85-4948-4507-9e58-fea404ac610b,False
35b7bfce-e183-497f-b163-bf2510b05da1,e4bebe11-c594-4523-a8eb-7dc2d7b528a0,False
18cdf578-d5ed-4461-9ea1-9c4ac4453116,93fce00c-4a31-438b-9dce-0617f3bbe8e0,False
2f30d169-94c0-45fc-979a-e11856f79226,2092ea96-0b2d-4e0b-b9d8-50df74b62b00,False
0cdd4001-d1e8-45af-b4bb-f0b56000a4ce,255407e6-43fd-4a3d-905a-90fb098b9e05,False
5c4f737f-466a-4723-acf3-bd818416133f,492431db-0e80-47bf-be1e-51c9c1c32527,False
56c9bded-0e9b-4b68-8c5a-869f8bd02021,19cbefb2-f57b-4e15-9dc8-7ac4a1b30535,False
f90feaaf-aaa7-408e-9718-8de8a7b2cb66,f5ca1b71-fe26-476a-9fc5-45458d0a231c,False
5a22a410-314b-41df-bde5-396afa2d4f5c,c93d950f-3e2c-4d80-9a23-e3d3318fb56b,False
08018222-558f-48bb-ba17-572780313477,5c28cb18-910f-408a-9b4d-73cd122f3c4a,False
0e9fa49b-6a8c-4424-882c-81e1843a3d7f,238257af-4d64-4de3-9c89-ad47886c11a0,False
cbb7957a-5b67-40b5-9814-a3dd89b6b351,9d49e548-cea8-4dd3-a5e7-12c8518cc967,False
ea2d6e6a-4100-4c44-a8e1-294c33a5ae06,5bf2461d-4607-48ae-98fa-bf8d64ec3249,False
04e3b946-1317-449c-9da0-321aff57aa82,9e0a5be4-cd8d-492b-ace1-9fb696405d6a,False
3c2b0cda-226c-4579-b282-287e1c8a1bcf,273b9248-ab6c-48f4-af5b-465d700cd1d9,False
31b76b2d-2173-4f41-9b0e-0a557b7326b7,d5230932-d9c5-48cb-8f1d-3017e293fec7,False
cd194b84-6d9a-4892-9067-58a463e535bf,2e022f8f-25a4-4729-add6-76c79b6edb91,False
63ca8335-4a67-4855-8624-9174b010de62,4410132e-fa37-49db-b942-8c67ad1e1b06,False
8704f6e8-6b3f-4ef2-9368-2cc1813805c5,b57bed3c-a10b-4b2a-8d42-398be105a9fb,True
a1d7f868-db59-48bb-8344-394275dfe042,38f82952-998e-4ff1-a2a1-c13b21fb2d66,False
a964ad31-4080-4a48-a7ec-2e6c49a50d16,1607790b-f62a-49b7-80b6-f7c8127e3cf4,True
35c54ac6-49d9-4d42-84e1-e3cabd8e3c13,9b90731f-857d-45cb-8904-31b20241f1db,False
70a69a15-ae8a-4c42-860c-764f70f796d2,bf3671e3-6c7c-4372-9b17-d41db6184b3d,False
49737003-6d0b-4e68-bae1-852eced06ac3,da6566ad-be79-4f0d-83de-fca0481580f8,False
d9882323-33a5-4f46-bbb8-0adb77005972,6739dfc4-8d86-486b-bc89-4eb3d82f17ec,False
697002f9-819f-47a3-a3f0-3025fd6b3468,792ae519-bb75-462e-bc79-61ca76f5e31d,False
7dbc32e7-ebf5-4c09-b265-f99708015d65,39762bce-6040-403f-ac7e-12adb03c6e9c,False
02033f95-3891-44b5-97ca-465c315670cf,d505b424-1c89-4c9f-abd6-762a3031d7ea,False
90722945-a4f4-4705-b296-08e90f2e6e07,2a524af6-7034-40c0-86a2-6582c4fbf848,False
0ee7e5ff-c8c1-4eb4-b15e-b58f21b31370,f15290d5-7926-48c4-b6d7-2ef782e9dd58,True
af9ea6f8-9840-4d3c-acad-183a765a11e0,9ffe5ee6-fccd-4047-b3e0-d956c333dac7,False
6d6cfe6d-7812-4b0b-a1b3-7b6195e523d6,c047099d-9a16-4931-a99a-9d37f99b378b,False
d9882323-33a5-4f46-bbb8-0adb77005972,91bc6941-4229-403a-9302-60413f80fb23,False
56f35ef8-4a3a-439a-95e6-886e86b23a25,d25011dc-852d-4f38-b01f-0966be203560,True
b3214065-5043-4207-a513-64fef703146e,abae80ba-1f0f-41de-a70e-a305b93a5562,False
80013a66-5ac2-4ea5-ab1a-debf0cbc6d53,92a495d0-3bfb-40be-8c74-3b56925902d7,True
f021a6be-65f1-4d61-9615-017010ee7945,d6c82586-f0b6-4edb-8da6-ef85d5773d0e,False
46667c02-0aac-416a-830b-39ecd16e99ed,1c669c0d-7c30-44cd-a02c-f2588f3a0b6f,False
d1c24595-0c01-4882-952b-5eb3aa669d66,a7b4dd3d-55e1-4db2-82a6-8d79f38b2fa0,True
7b19aa8e-dd4d-4c71-8532-4288b698e6bb,7884e292-7c85-4158-86c6-dd18d3d4746f,False
5cd823a5-ed84-4c74-9e39-d2886e1dca80,2c56c278-68a5-4689-843e-a2142e095c01,False
c47fb576-2597-4dfb-bbd0-d350161deea6,2db62883-b9cf-4223-8409-e8391d2bb449,False
d01fbd19-a674-45bc-b326-484ce4eea98f,75606115-80e7-414d-a2fa-60d6b6d55400,False
c73ec4ab-3781-476d-b941-42d26e3e66fe,cf288278-9bc2-4811-9133-a05d7ede36b4,False
ce052a3a-f2ac-48d1-bee6-65bc4cf1add4,ec4ca6af-2ccd-48f7-9f0b-312a9fb58596,False
081d1fab-9ef8-4c95-87e7-88665e636a90,ef119715-e84f-4d49-a910-a345ec682324,False
7a6470d1-fd83-42bd-a468-46fb672bad2a,0fe8275f-4332-4d68-a285-39a2be5595f5,False
fbd9e23f-b0b2-46e9-9cc7-99ccba6d019b,020038bb-e946-46b1-91d1-bc978f9c50ed,False
ea0abbc7-b757-4c27-a312-eaa266c3d6ab,04dc295c-c1ac-4580-a879-d55d47810582,False
8fcc6228-0c22-4014-b09b-927eae7a56cd,9be42fb2-a4ba-4100-896e-326432c224ce,False
039df5a8-5417-49fa-9b80-f12267c2cb73,ca5a049b-33c1-48bd-9f92-260b558b5ef2,False
5876a03d-a065-422f-9b7f-62a88f09d672,cae2162c-ee36-47dc-a5c1-0613692e7fb8,False
8069b8cb-86b5-4d4e-94a9-f4e0ed68d258,c3328592-fedc-4279-94a2-8a8f92a736cd,False
f56f4554-7040-4909-b4cd-6388dff3b189,a12a1aa3-71e8-4833-ad07-2904e1d70298,False
74b89f7a-c27b-4617-baf5-1822844c6642,691cc0d4-ffd2-4618-9c1c-f98ad2bd159c,False
262cd8e6-cb09-4ee4-aec9-180a4306101a,b9695bbe-1c49-4477-939c-1de2790fabf8,False
b9e3e352-3184-4d28-baa0-3f44c7b89f94,1db1201f-0b4d-4769-88a6-b22055929856,False
bb7226e8-9d99-4065-bafc-7e09c03c9e65,5d22d877-5e51-4c2d-8585-ce25f7f8fe76,False
4ae47689-08b2-41e1-8a78-6944a1634aa5,ed42c0f5-f4b9-47e0-8c69-9197b3eb3554,False
249fdfab-ea08-4365-90a8-9db18d504520,cb1b3433-9d9c-416d-9c84-cc969de8c9f6,False
d2be4e16-f073-4d35-95d6-7b607b08ddb5,17043135-9b50-489f-b955-29c82957bdd3,False
d383cc64-e7ca-46dd-bf63-4625d6dace18,146c35b9-2017-4332-be2d-f1fdd558a8aa,False
a9f3fbc4-9bab-4dc1-bc63-3bf5cba94e28,740884da-15e4-4a75-88a4-0f6df805ac90,False
feef034d-1686-468b-adcd-934f49243c70,077732b2-d7be-4c7d-af31-db40b7c8a53f,False
b6a63248-91f2-4d9c-90d9-75516a83e245,5625b077-87bc-495b-bcbd-ee78f1b7f3c7,False
dd34975d-1283-4a51-bd36-36210f820b37,f250a23a-2799-4352-a922-7c66c9ac6034,False
e58e5d6c-3928-499c-8388-27dbc7dca57a,015517af-88aa-4073-9e24-ebc07be34a47,False
d366daa3-b267-4b19-8d3b-691075b9a9fd,a2657984-6cd5-45bb-b52a-167aea476dc7,False
7c22944f-1af6-4c78-9ca2-de677d0af310,d0f9feaa-8c82-4871-bf5f-56cc997ffd97,False
5db29832-ba0b-42bb-8649-a082589af7c7,721c94fd-090e-4784-8e6a-f2b35bd89e4c,False
0496657d-8623-4f0e-a8e9-3ace6ed2657d,2d47d398-5893-433c-94fd-8a38049c217e,False
63b89f45-a9c4-410a-b61d-4963a86e432f,730f8fe2-8b00-46bf-886b-3b4196e8dca0,False
428547cc-b225-432a-a041-53004860fc62,161797e3-47bf-4329-9822-f8984455f43d,False
5887ad6b-6144-4737-be30-e948fec8d731,5aa47f6e-87c6-442a-8ee7-998e499b5c15,False
906e7972-4a0f-4cd4-933b-bd8b2dde7690,902c1cbe-5198-4533-aff9-45ff1cc81c1b,False
391ffe66-5270-4411-b12a-564e2877803e,5f581ac0-e8da-4f24-a899-7bb14ed380ed,False
50167c97-87e3-4c82-898b-8beeb93d6325,17cd4089-80e3-4357-8266-4c3e66f78c10,False
0480c3ee-de47-4116-a312-90e346646cac,89a5640b-6a86-4132-ab99-2d74f40e503f,False
3d8a617c-8316-4be0-91c7-febc41fae0de,14392bce-f95e-40f4-99aa-875bf00d6c35,False
b07ac88f-b4f3-48f4-9938-990107dba984,20d005f4-f22c-405a-9754-f1feec2821c5,False
62bbb726-836c-480f-99ee-d0ca9880b952,e974b415-c7c0-4bfa-a012-3c4e1e028f76,False
c265029f-da06-45fb-be5d-44e338d05b3d,391b64eb-a7d2-4a8f-9455-e3fbc904c2a6,False
f3018b2c-22cb-40f3-a8d4-450b8d34a0d9,3787e357-abf7-434d-8f19-386fef839534,False
d2669578-0471-40e6-984a-b348536b817d,e3bf3367-474f-4a6d-a4e8-0d4d8f85517a,False
5c6e0c24-a272-416a-9529-16e802880cbb,112c5a6f-3e5f-43d4-a720-0a25663ce004,False
f2fe7883-175c-467e-a132-a4f8a6c57e2e,b5fa1402-1cb2-4d77-a198-bf9ee5d151af,False
c9995ec4-8ba3-46b3-8809-3dadde0550f2,9e501a59-4638-4766-9287-542e5eb56ffe,False
428547cc-b225-432a-a041-53004860fc62,9420b915-8c50-4ca4-bfc3-d8170e6be10e,False
9816b21c-c0dc-47e0-9485-3064e70e8627,f9dc3daf-087e-4d00-940b-b5735603a5da,False
21eb15bc-c4e5-4cb2-8824-d1250dc0b284,14b6e5e9-6826-41be-b7af-93b675c6023b,False
b25dba9f-01dd-4658-bd8e-5c962f8f2a8a,1ffe8898-814b-49a9-b53f-5b3d6944cd04,False
c73ec4ab-3781-476d-b941-42d26e3e66fe,f67af0cc-9e30-4704-8b5c-2a91d16b4f8a,False
e73d7c7e-1b70-441b-b996-e35ea8f09bd9,aab33704-1ad3-4f15-b1a6-6ae9d5d355b1,False
f945fa57-6599-476f-aea8-5f26d3993b4b,6cdf53f5-f062-492a-a071-a633f3138244,False
60d159d8-a0db-44c3-a21b-72335171884d,28d54362-a71b-441b-8a0b-79787efbcdea,False
5a988561-0540-44e9-85b5-137cb01a50ee,0081b2a9-e067-4cc5-a28d-e91ba905c6c6,False
d2e9b571-0ac1-4837-bbe4-eff7bececa5f,04dda509-0d92-4d80-9fec-43faccedfab0,False
c6a56ce5-3d96-48ce-ac3c-02ea1d678bd1,cab6079d-cc65-4e7d-94db-9551cf19a06d,False
dd34975d-1283-4a51-bd36-36210f820b37,3e3855f4-356e-49c9-99b3-2b2d7a65221f,False
ee7a7c2e-b233-4dfd-bf36-26d835aa2bd1,7abccbda-7985-40d7-8b25-57dcb0a3b889,False
2c2ee2c0-f87e-4f1d-883a-43741aea6b42,8ea1081b-fda6-4720-b02e-fd302f80fb02,False
12369014-865e-49bc-bb84-9c71cd7d3e45,6ec72b66-d811-4ed6-bf2b-9e5e3b83bb10,True
b28abea3-f59e-4efd-b1c4-51154a99e9c9,249c1833-9707-4bed-a138-ea099b07ecf5,True
65a6817f-641d-4b3f-88aa-ab87b1431d6b,ffa41239-45e7-46f1-834a-678291e7d810,False
f17a1f2a-b368-4ba8-b5a5-f2ce48107edd,3482ca23-cf6c-4905-8f56-80252848a73e,False
b590d5da-32b2-445d-916f-da445d89072f,0a40b053-8b08-4f47-aaf6-5c7534186e1b,False
08018222-558f-48bb-ba17-572780313477,a07e5161-596c-42e1-a830-a36e7a4beb06,False
805fa399-dce9-48ac-bc0b-6fab64f78812,56153f15-cf0b-4771-8da1-9a70ac2a64dd,False
29176015-b55f-4d11-b336-6addb0eed530,ad47fc28-d5c3-4069-a88b-e96f8136dd3c,False
a885952b-e77f-4c60-be6b-aa73bde44b40,357ac0eb-2440-4d2c-877a-8d5fe831e0d6,False
034bee61-90c4-45a2-8a13-0a78d07da64a,af8ffe82-ce13-404d-bd6f-e3beb360ed43,False
e95583ca-311c-413d-8ec8-d76135d83716,529d8606-e1a7-429f-8421-57d247182a26,False
593fd4e2-ed10-4cca-9829-745cc1b630e0,9b732531-610f-4b30-b2e7-99c068d803f1,False
8ea60059-ea5d-4916-b7fd-b9a55c59180f,4ae42507-c9ee-45f2-8cf9-dc2b132a033b,False
471e3a04-62b3-46ed-a410-758c5ef2c3af,f9f546b7-8b39-4efb-beee-ee7cce7113a0,False
8af02962-1ed5-43e6-8063-78487814b849,16cbf2f0-41a6-4ef4-a213-f1f51feab1fd,False
cc00b599-b79d-42fc-bd3c-8df6e507b777,56759827-a752-472e-a38e-3822134a5833,False
225e4987-d639-4efe-a158-c6915c583c42,fb19fc90-ca69-426a-b65c-220e7253d28b,False
6d7a765c-eb45-498b-917c-05ae397891fa,c97b4579-450c-4d57-beb7-4d14b4a9d16e,False
ea5d2046-fc23-4c91-a2e9-09d56b39a0ae,19170b0b-4d63-4fee-a44a-a00711a44a91,False
2a228752-23db-43e9-bae4-291be50bce9c,16b4473a-4c70-4ae9-a564-fcadb520eabc,False
2d517633-6e74-4c49-a997-5bd6be1a2646,881deee7-267d-433c-a565-04cd3d8c0a11,False
4ae47689-08b2-41e1-8a78-6944a1634aa5,7bd1d1e4-e226-4563-9ac9-41e68142e44a,False
e26ea356-2ea2-442c-a1fc-aa0691be8117,c9fa5382-8473-44eb-b92f-4aa88b78490a,False
e5ca54fc-3a1a-47c7-b2e1-30d6cd59c473,d14f4ab3-782d-41ab-af66-bb62445b8306,False
a191fce0-e6dc-47c5-888a-8e6c3d6fc4ec,f49c1a20-f29f-4f25-8cc8-24fa800d10f1,False
28f7de27-aae9-4385-8fab-345b70245e82,e04424db-48c5-4ff4-93dd-c570e5c8993d,False
3da253fe-3cc3-41cd-ae5c-a3f2cd05316b,d2e850c8-972c-4286-ad9a-00db2dec9e0a,False
05056a67-7092-4a91-8609-f0399ac4c733,5ce58831-118a-4efe-99f4-3a4cb4d19fe0,False
d2c2ecd3-99f6-4660-a566-f4ff23148fb2,43ec29e2-a97e-43ed-8c67-51f2deb33cf9,False
1c0bd8e8-5cd0-421f-bd09-7ffb21948bdd,c0999a1d-04b6-471f-8a3f-3f208752ebf7,False
dd34975d-1283-4a51-bd36-36210f820b37,c20034f3-6c33-4a11-afd7-9d0e33e8e749,False
9ff3b35e-f7a7-4386-82ff-861ffeb29586,1c7d3a9b-a26c-4217-ba8e-75bb487a6f7a,False
0c21fd43-0f90-403b-b70c-9476217b7a85,bffc2853-69a6-4f4e-8da6-749c31eda098,False
202653fd-be4f-405a-9bb4-75011d81c48c,fdc3bf72-3e79-402e-a299-2f094d80a18a,False
48769057-04c0-4879-9bc4-ea5281b4ee51,309c12b1-cebf-4e3d-b4e2-60f46068fed9,False
03f16518-d32c-4ceb-903f-39c684d727d0,23d1a439-0568-4b20-b1c7-fe8be699cfc7,False
27a11c2c-6106-4a7f-842a-d9dbdb05510c,66ceca07-b37c-4604-8708-9a3fefb7bf08,False
fc2b08bc-2a71-4ab0-a058-4b6c881a076c,29da80fc-e5fe-4f58-9fd0-f43c47734b80,False
14631ceb-c3a0-4db7-a1f1-d19e5ad02158,e392eace-5d71-4f41-8daf-a89bd0a4eddc,False
fb44e5a4-535b-4f0a-996e-bd66831ff244,6c21d729-d984-4a85-b4ba-2e7c86653ca2,False
8c149207-ce2c-4680-b620-be3544bc108b,cfdd575c-2d2f-46c8-be7a-78ea4bad9e2f,False
9e8399ab-7ea0-4428-8174-e62c8107da03,f93c8c0b-4cf1-473f-918e-5a2b70eaa7f2,False
6a719e25-2118-4624-bd14-d7e6550b0c3d,a0a12c54-ad76-4acc-bbbc-cab889c3fa2c,False
7785de6e-d1b7-46b1-bcab-796caa7c2609,4844d28f-a493-4153-acd9-59620aab2d48,False
6d7a765c-eb45-498b-917c-05ae397891fa,0cc3d1ec-b0cb-438d-9385-634cfadca9de,False
1555f16e-dc31-49d8-97c4-d6b12d781f1d,4f2cba64-1f18-423e-903b-14eac3ddf594,True
0cdd4001-d1e8-45af-b4bb-f0b56000a4ce,c496613c-b9d0-4bdf-ba13-fa4089933358,False
30c816db-c69d-4d38-800c-9a2e8f927476,99a67d12-b6bf-4c64-86ab-ee538be7238c,False
2b6e58c0-5f9e-4364-98c2-68e36438ddd2,991a9e96-02f7-4cc6-8d0a-42359e2f2f35,False
635297a0-1eec-4e9c-8cbd-31f754d2117c,fc674e4b-fc1a-4974-8a25-09d0d92224cd,False
c00713ef-d20d-4d5d-90c9-9742fed2c887,c6dcb70c-67b9-4202-b2a2-b7465089d5f7,False
76d18051-4e95-4cdf-83cc-eae029e8d633,4036bca4-fe02-45c6-b93e-6a7e18fc421c,False
9816b21c-c0dc-47e0-9485-3064e70e8627,316ca678-b686-4dc5-89b4-5a626049471d,False
bb7226e8-9d99-4065-bafc-7e09c03c9e65,d82e536b-336d-4aa2-a393-6593c12a2dd2,False
6c2178a2-7482-4bcd-ba45-5e14d75848d3,fba97467-01cc-4a9f-834f-f49acc70f8c7,False
fd27d7f6-06ae-4e15-8d8b-6f9b3d42edf0,62c415ee-3f60-44d5-a4b4-18085372ed22,False
3fbcc53b-3bf6-4582-9456-31161df039e4,d586c085-6983-4197-bef7-32b876f9b9f2,False
2d82a982-bef1-42b1-b351-63caab2642ba,0de0d597-bfc6-44cf-bb95-44762f554586,True
64b5622d-d81d-4787-a4c6-f54a8bb99ebe,c220bcc1-7ac1-4c9b-b3db-33e2b11fd666,False
bcacd613-ddd0-451a-aee8-47f99a5606b2,b117a031-7263-4914-97d5-203ee3e8eab9,False
acccbe31-d576-4883-bdc2-1bde52b99415,0ccd5ef2-e95f-4e6a-9f5c-41bd804dcb28,False
e9412aae-49ef-4b94-8aa1-094e8d1a707e,667b7af8-e55b-4a35-9902-c52be2a8bec1,False
77236246-d7c5-4a5f-b3a9-d36167437808,1392ec0f-f46b-4c76-a962-a78be10e967e,False
eb535861-96ce-4f12-bc24-80b15e6d1041,3881b44b-9f73-41aa-9bfc-5134299e7f02,True
69255df9-7863-4906-9a45-4585a0c8c769,897e810f-ef26-4e5f-944d-4e72c1b5b95b,False
3b4b2d17-817c-4ee6-ba45-12a0b3d3c004,26f8e9ef-2d98-4f8d-a316-ae9a8a55226a,False
469034c8-6be6-4110-9a73-2132ebe1836e,6981bac6-69aa-49a5-a052-eada9f347743,True
f7924c0e-ef8e-4768-94c6-abac44bc448e,1e9d11d2-0f8d-4d0f-99ab-e47138045b9d,False
d618adf3-63f7-4452-997d-83d8cba1d2af,9fee1b06-1b49-4116-bdfd-fd8aef8e9ffa,False
2a0572cd-f0bf-45f1-abe5-8fb3038b7e76,d9260b7a-e3fd-4fe8-921f-ad6fbca90a00,False
e1935dcc-f6fb-4681-aa02-a086f680a104,0e603eb5-2b14-451c-8c4a-faf494059323,False
ea67ca45-aedd-46f8-8052-808ab5d4b65a,a4bf846c-131e-487f-a30b-4deffca0b00b,False
499aa219-b5b6-4d3e-bbb8-e3cd05919a2c,794ca094-1fc8-4547-9bfb-1f249077f639,False
c74d57af-a471-4faf-8072-71db600366be,0b94f8bc-d23f-44a4-b720-6d49a9750bba,False
36f748e5-9ee6-4e40-854b-f9a7a9afb521,3ab3de8c-ee36-4ce8-b638-9f22ab919802,False
6daeab67-6d2e-4d4c-9fea-67b0f66ccbdc,d9bd48da-77a4-4ade-9be9-8d06d5d9e52c,False
db52b3ed-d55a-43d3-a53f-4b4369525c41,aa8dbf60-e073-4762-ae76-e7b592154c20,False
4c3ad9fa-afc9-4c6b-b2b2-710d7ff8e09e,08fca112-e84b-475b-bcb7-bb9ea91e34f4,False
b265055f-3850-4950-9f8c-a24eff0d2d82,181a75d8-e14a-4a05-98da-43ea3921355b,False
a15b0b78-0c05-4595-b42d-d82a0b9ef0fe,a7d2faf1-ac0c-41a0-b359-8ee2632ec29e,False
374bbd51-a60d-4897-9d62-6b6d5d406b2d,06884dde-76ba-43dd-8c2d-feaf08769616,False
b80a3821-cff3-48eb-8166-8db0feec2c05,352f323b-c0c8-431e-ac81-3934ddedb4ec,False
aeedb08c-edc2-4de9-8617-cce681959e8c,d93248e6-8a08-400c-8b63-72dc9f574dde,False
e95583ca-311c-413d-8ec8-d76135d83716,2d53dbc1-a441-42f9-b9ba-92823f81c206,False
318a9086-f362-4de5-92fd-dac02b69e08e,cd359e10-bd95-4724-8fba-8515b497a111,False
4f528a9a-8b8b-4ccc-9967-924374c5ae7b,998763fa-4e8e-431f-93f0-21a1bd771be1,False
37d3f4f0-4a63-44a7-8428-a1079e961541,7a37229c-a06e-4d18-87d5-45ff26d09b3f,False
1aa9174b-0032-4121-a99f-be2b64af3075,b199a368-0323-48e3-83d9-7e973a9cf1a7,True
8853f8d4-8303-413d-bddc-665fbc52645a,1860e74b-cd1b-40f3-8be4-b1e1d0ac7ee7,False
283beb58-5e39-4273-9c3b-ec215396c8df,46341fc1-b10d-4ac9-b31d-c128a74989a7,False
8853f8d4-8303-413d-bddc-665fbc52645a,04cb2e59-224a-4ea5-b9ab-85f1c0e9d236,False
683c0d95-fc0c-4fff-ae4f-e4569d53c18a,96440ffc-6fd6-4f86-a9a4-e709e9d0c6d1,False
16649f6a-ff76-4c11-88a9-e09a38826ec3,43bf468f-a999-4d9e-b484-59b41011ace7,False
a57759e9-1b54-4c0f-abce-e5374123a7dc,ed332926-3e8e-4d1b-a314-e6730b60e5a2,False
5261663e-aa82-4bc9-b54a-7a79bf396f97,d8449c10-7a6c-4f20-9bd1-e2036b7592b5,False
eade1331-53ea-4439-9af6-cee727f03d41,0f75a79d-e5c1-4182-9084-cf046c95b185,False
039f7444-7ea9-415f-987b-862ce6661703,c2899c3d-84e7-410c-8067-87bebaa1ad98,False
3da253fe-3cc3-41cd-ae5c-a3f2cd05316b,c6c519db-4414-4747-90be-02f0ca64bba9,False
a727bdbc-19cb-4446-82b7-5f4be76ce882,86110b7d-312b-4cd1-ae4b-3b516be68f80,True
08018222-558f-48bb-ba17-572780313477,74e30e28-3a86-4838-a73c-df839cce5bb0,False
dc8d9ab8-0bab-45d9-80bb-dd251de4d9ad,e6ed4ef2-906d-4e00-bce9-41edcff3093f,False
545556d3-e0a3-45ff-a5a9-37abf1119067,fe9ea6d8-1def-4a86-9d59-73c4c569ddb0,False
85a509c3-4759-499f-b7bc-aa243e27c812,6069bc89-11ae-4eee-880f-b3cb3f60e8c8,False
90224c98-bf94-4eb8-bbf6-af79f0fb6de7,b8b58af7-3cff-4946-83dc-f986df66c138,False
f7ddc4fa-be50-4d97-a411-a90254ab99f1,e092c1ab-c285-447e-b1ac-fdef8289ea9c,False
8cecaaf8-d1ee-40e6-aec1-54fba05f897d,78f169b9-a699-4586-a6d4-e72319fddfe0,False
88262a0a-829b-4595-b709-e8bf1798d1ac,5cbbc413-5008-4baf-bef9-24918af75ac9,False
d9696a32-1215-4859-b8b6-98511c18e434,186018a9-7f88-4850-83c9-dba8aa2b14eb,False
1b9d7adf-7459-4815-969d-0456e8c6eeec,b6b54c4f-7a84-4a53-b351-601fe26d1105,False
e3de4167-8e83-4252-895f-48db25fd1e55,a209b4a4-e138-4516-8fa2-555039c19126,False
8d5a9021-5948-48eb-b299-96d24364871a,22ed6030-1191-48d0-8d01-66369d32ee58,False
db1c95eb-cc12-4da5-9b36-08e67182e322,acbb48e2-3d88-489b-998d-440411097c21,False
85a509c3-4759-499f-b7bc-aa243e27c812,2a80bb22-071d-4cda-a56f-9c39ac1f742d,False
7f1accc1-bd5b-46cb-b5b6-62f6421d9b0f,1b3f39bd-2c90-4bf5-8756-684b288c5e86,False
d78b08a3-ac10-4893-8f10-dd5126562855,caa69234-2732-45e3-922a-ec1bc8eabbbc,False
512b7ad6-a960-4ad7-a647-9fd1cf592408,eb5e5d3a-2a1b-416b-a647-26d0954be42b,False
d8534ae0-ebf6-4162-9ee9-cdacbe0a47a1,a646de67-2b64-4f61-9c96-b89837cb31ab,False
1110b7c3-578d-48be-9232-89f95737807f,5501db3e-3ccd-4060-a77d-8c804288993b,False
28874716-2139-4191-8e48-bbd0a4c426e7,16ed7ebf-65c9-4bbd-beb1-8fcb075f6ea5,False
697002f9-819f-47a3-a3f0-3025fd6b3468,7f616b66-f8f6-435d-8e38-a8aacf25d32a,False
fa692a32-9261-45e9-98b1-b9e777f93814,2a9fa635-f83f-4897-93de-8cda2e49fb5b,False
d9696a32-1215-4859-b8b6-98511c18e434,b5264844-4125-4988-9371-7fa410ed467f,False
38604170-2c9e-4c41-a029-f2afc2aad72f,b2985cbc-b7f7-47a6-9bd3-0286280af768,False
c7d87ec8-9d43-4fdd-8b28-16a61da675ad,fbc4ae83-d4cd-489d-9f25-ac7cee83c9d4,False
7451b14e-f66b-4739-9c4b-91693b4ca855,99362423-c639-4734-9a36-2b91ab03c9c4,False
82870235-6018-4895-9d93-cf0d9524d278,b4fb829a-7a73-44d6-8cf9-25674eaa9594,False
a2fe16e3-aa7e-4a35-a79a-912084fca681,c426e802-70e1-4c87-9aec-69159574372a,False
027b6704-cc3a-4ef5-b756-b94835d785fd,618710c0-9822-47a9-aa23-40384757e571,True
a57759e9-1b54-4c0f-abce-e5374123a7dc,ba3c788b-8e90-4d7f-9ff3-57f12f7eacaa,False
07eaac9d-7c16-4058-ad48-82a0565f74d0,8053ee80-36cc-4118-87fe-bcd2b546329b,False
717fd20e-09d7-4f8a-9fcd-3be3c779135b,690e2af5-372f-4491-9d87-12faac068f1f,False
5518dd88-2148-4fa8-a18e-65297bd64dd6,4d514b64-4446-4070-b1c3-34ba128c796c,False
b25dba9f-01dd-4658-bd8e-5c962f8f2a8a,e16d4fa0-07b6-4f00-8bdf-57daa45d90d3,False
7bce62ac-44b0-418d-adbd-c5dfc97e5fc1,55378874-0442-426a-b9de-c73282327be1,False
83a41eeb-d41c-4fa3-8576-58ea27435d2c,34c50da1-4821-4716-adbe-6dd7fd3a0c7e,False
8b960631-e532-49b8-a42f-724588f2b472,265e5a98-0d03-4dc0-b083-b5f6f3e3b12a,False
dc31bdf9-d87c-4e82-b333-3593d509494e,dcff4702-f607-46de-808f-7fc21d1c200a,False
24425693-3bb5-4bd6-825a-e2524f66b8fd,f34a629d-d342-47f4-84fa-c35d6f720642,False
1098cc5b-9f96-4ca6-a35b-703b0d835f16,d5de0601-9c91-45fe-95a6-2ad44189018d,False
769832af-c561-4f7b-9dbc-39e4177cf954,1564770b-6719-41fb-b07b-80511fac87a6,False
3d7256d6-2c52-433d-ac3a-2a1652a5fbd8,b820aa49-615e-4f5c-a570-8e4978b7fbd5,False
d618adf3-63f7-4452-997d-83d8cba1d2af,1898f0c9-5b3e-4e94-bbe9-7b15e45907a9,False
819db85f-24d3-439d-8ca5-bfea81dbf96f,02c1665c-aef5-432a-b062-d9404847f4a3,False
6146ec4c-57eb-43b9-a9ac-24bf1b9c0c62,d3659ac5-5d5f-4f7d-9bbf-fc18b0fddb92,False
8ed5b5fd-e2c8-4213-9607-734bac09cfa4,5248d0e0-fad9-4dec-bcbe-225ec966a3e5,False
b2d386db-b12f-47a6-aa4a-a9dd79ada955,06c619fe-e6f5-47f7-b9f2-afa0e3a8e954,False
aa1480b9-ec0e-404c-a1ff-113b2b49782f,a849be99-2909-4358-a956-c11176cb5939,False
df9cd5d7-141b-4122-9348-ed32481d51cd,ae2d08b9-2475-4c50-ba6f-fd561cdc0130,False
e09fce76-deb7-4297-8cbc-e02893280bf4,13152f22-451b-4b2e-9bad-e75f0ef7d29f,False
8f30b1b5-781c-4d64-bf96-d01bb786ff47,bf13e949-134a-4bfc-8974-56d619daa763,False
16649f6a-ff76-4c11-88a9-e09a38826ec3,04370af7-2def-4038-af97-88fdd8473580,False
534e94da-5097-47a8-b5ab-9859de1aab87,35a4c046-ac5b-4daa-976c-0d2b5e55ef30,False
0a6ff309-c548-4d9f-8faa-3ac05322b779,5841d997-bb93-4223-a7ab-d85d1c19d3ed,False
da9ba4b7-817d-491a-82b3-52e5f32abd16,c3989915-c259-4da6-9f21-241ee6f358a0,False
50167c97-87e3-4c82-898b-8beeb93d6325,91a309b2-57c8-404a-984e-59e853b67526,False
3e2d6252-9eff-4a7a-930b-3cafaaa41df0,fe9a85cc-960d-4cf5-a43a-35d7433e6b06,False
89cd5648-eace-4714-bc5c-3fbe77caec65,883b158d-2d35-4b59-b14e-e564fcd94e1b,False
f2fe7883-175c-467e-a132-a4f8a6c57e2e,56ed369f-cc70-4a54-be57-4b601a336bdd,False
13169f1d-3030-4cc8-926c-bcb6b152b51f,fd2c0a7d-8c13-4cac-8812-463730174e64,False
831f4abd-1459-4772-aef6-4adaa3da61bd,1674517f-79a9-4b34-be87-32c393f664b7,False
71a95a12-21ca-4cf5-b244-7014e76ae21a,85874e35-d851-4a78-a8dd-b96913c48e17,False
934d22ee-7b6b-4479-8269-ea39d7bd41c5,445ab7f6-c134-4d8a-9ddc-6867962dbdec,False
7672b7dc-c6d3-4c4c-85c1-51e2f6fef2e0,cc84d883-3f35-468c-9d92-11b891fef918,False
3222e996-c739-410e-a8bd-72a421b86718,67828143-a467-45a0-a081-114cafbd4e93,False
9b0e8aed-9109-4cee-b66d-82ee913b5bbb,895d1a6d-c7ac-4105-8d83-bb05dae78d11,False
3364bafa-6bff-441a-bdbf-2d183edd2747,1cd9933e-ad8f-4cec-93b9-612045293fe3,False
91f75676-5490-45d6-9c36-651859479f1f,ed5d03c7-af81-46de-8c06-9b92a8d32bf0,False
55f5c9d2-7f27-4c96-8c78-2e436b10e973,2f42c608-a0af-40bc-b10a-b0109f534350,False
c79e84de-b8b3-4bed-9d7e-7c5ee798f5ac,9db4a469-7bb9-42f7-9059-3bc5029eeb83,False
42c80e3b-d8eb-48b5-98b3-2db5cb119fd4,5a4e48de-4755-4cea-92d0-076d52eb53e7,False
74ce8a8c-fead-49bb-a0e5-9d41eab55c57,0d6c7d1c-298a-4041-b8a1-da2dc1faa601,False
137e3209-6b74-4dbd-aee2-6a4ca030f400,b31c0e6d-5cba-4d50-937f-e106f1397ea7,False
9040d502-179d-47d5-bcbe-bbdd9f9c230c,8caf4002-3fb2-4c2c-9610-e6ca8cc07557,False
ac28e83f-c5be-47c5-b683-0a15537ed35f,6125c2cc-ff99-4637-a56d-12ec4928efe7,False
49480cb7-81da-47f8-9b49-775a94e29fc8,7974e416-0d35-4a51-9e5c-e9b2d93ac95f,False
64a7e0f7-09af-45f0-a616-1fc349c0a5e7,1bb7b5e1-ab16-4f7e-85fe-3c7b9c0c4cd8,False
6d992fe3-d4e2-442f-b593-3feac7ada09c,8aef2961-72bf-48ca-a1a0-c76c2cb342ff,False
b492d571-ac2e-4174-87b7-bfe8827593d0,851dc337-b7df-4b95-b10a-bb169e5110fe,False
b8e72093-1e9e-4d8b-b0f3-9a49d3ee6eab,83471b32-27fc-489a-a246-0d09b68f5e8d,False
34e5a76b-b6de-42f1-a59b-27b8ff2387de,8cb5fa63-ddb3-4d42-a9a2-a6774a59b62e,False
545556d3-e0a3-45ff-a5a9-37abf1119067,6f0927fa-3025-4120-9c84-64ffd8435251,False
46667c02-0aac-416a-830b-39ecd16e99ed,f4a3f791-f0a9-4021-a37d-d08d9f1c4d3c,False
acb7f808-7347-455c-8e84-849f54c80dd4,8b3a9cfa-8434-4a54-af85-463ab0ecb0c3,False
94171bc4-441c-4f0c-a0bf-b55a67d61486,ccb51a0f-22a3-4677-8b6a-840707fa862e,False
968a7000-6b45-453c-96a4-78ae707f1cfc,024b2ab0-153b-41e9-8014-e0fc6a4be680,False
545556d3-e0a3-45ff-a5a9-37abf1119067,c496d0c4-61e6-47f1-8b4c-3d11c41d6d3a,False
4e7ce474-9f9f-48dd-b2ca-552b2028e84b,e33b6bb1-7375-44a7-b7dc-6568c1013953,True
5a19fb81-8aca-44a1-8886-c7d2db3175db,76fd3e73-2e07-44dc-a970-799d375d82cf,False
1e812f9a-5b01-4d72-bf38-d57276bb7878,b0a3d3f9-213a-498b-8050-ec1782fd8c8a,False
08d57e93-69cb-424f-b20b-93a982e35754,750b4bed-7a5b-4fab-ab12-f5758a7093b8,False
c70f5351-6557-40fa-8133-e8343de7ad27,d507acb9-9f71-4113-ba3a-6abb05caee90,False
b778dc95-b9df-4e31-818f-cdb093b7a7ce,2ae8c85d-212b-4284-a022-95a642e31132,False
d9c01737-9eb4-42ff-8b3c-33ec843fd256,51a07ebf-2b45-49a0-8cf7-48102b5b35b9,False
e4c80285-6e55-473d-86c6-3be0e2205a27,286c06eb-1c6d-4e95-9351-da270da27848,True
d3602c77-6883-4f79-995e-c3e762b6ab51,351665ee-ea2e-4edd-a21a-4beb8fbcc86c,False
66259700-4cbe-4e23-8f3b-5acd39dd046f,cad79304-6644-4cc2-8043-cfd21d00a871,False
bcacd613-ddd0-451a-aee8-47f99a5606b2,e7800ca1-0cfe-4657-a198-bc0d42563a2e,False
163ce2df-910b-4343-aa40-1e98f5933e41,dddd6983-0503-4377-8f6f-059ace8e5aa3,False
b590d5da-32b2-445d-916f-da445d89072f,7149d56e-ce67-4348-ac0a-57cd06d4420a,False
0ee7e5ff-c8c1-4eb4-b15e-b58f21b31370,54f10b1c-fb49-4030-8852-944e6aea4ea1,False
90722945-a4f4-4705-b296-08e90f2e6e07,6aa7e31c-cd47-4f31-99dd-6760b0261baf,False
0e24e295-3361-4bf2-9afd-d95567797195,b44be256-ad09-4a02-97c5-845d93eb6301,False
2b98bbf4-7476-4277-847d-a5ca0bcdf31b,89820698-c09e-4537-9753-4dbf9ac5bf99,False
31b76b2d-2173-4f41-9b0e-0a557b7326b7,ff49d061-3ff2-4c35-9123-4f11dd70a5aa,False
0971af5f-2c19-42ab-8aa1-0a63145e123b,15d6fc46-1ddc-4d31-b5ec-c3558711940b,False
2c2ee2c0-f87e-4f1d-883a-43741aea6b42,ea089fb8-f163-4ad1-a9d2-38da2114866b,False
dd34975d-1283-4a51-bd36-36210f820b37,71aac2f6-dbff-47af-aa2f-6383c598de3a,False
6841e2bc-ddd7-4a89-be17-9bfc39359b23,f5edb30e-78e2-4f6e-a72c-bc31309a9553,False
a18c3b05-83e0-496e-bc02-74665dc560a7,22351dfa-ef31-40b0-8314-122227e3bfe1,False
ea0abbc7-b757-4c27-a312-eaa266c3d6ab,8407b6f9-a004-4ea9-8908-015868bd1252,False
4ad89fdd-c4c8-43c8-86a3-a6530bf311bc,ea3020a3-cf9a-49d0-a7d6-a3d29ba75fde,False
b209ee2c-b373-49c7-88a0-e1342f2d15de,f3adef23-5c48-4f35-8e16-b64fec3e8c58,False
deac02b3-484a-409d-b4ab-286cfea3207f,ad27ba59-55c4-4b84-8d6f-019f9c712cf8,False
4fac0244-b2b0-45f9-8dae-b640a67c5255,dab48e90-8a0e-4e9a-9b62-a7f2a243dcad,False
2c69bb42-2b86-4785-b897-a63bdaf9b8e4,ba6303a0-c11e-45d5-9976-cd4cba032966,False
b15f2feb-b9e3-44af-9a72-7efd9594a123,02ee5846-2366-4f1e-a6a4-e8723403aecc,False
d87a8dbe-25d9-414b-b3f4-734db1408bf4,70812268-27b1-4f2b-8131-ebae63dcf6a1,False
1366191c-ceda-4f82-9e54-965c7a1a0d65,ffd766b6-551d-44fc-9724-6e9b98616311,False
e26ea356-2ea2-442c-a1fc-aa0691be8117,68c4cbde-bdfd-4f5d-9cf6-30e97cdada8d,False
82870235-6018-4895-9d93-cf0d9524d278,61a930cf-cef6-4117-90f8-eb61b6b99bd9,False
b2ab1d89-fd69-409b-becc-1986fc106af1,c2889d88-3192-4b31-9a17-91ec85e8f259,False
ff05e9d3-52e8-4044-bb4f-9ea9d0fb6833,a9003f26-366d-4860-b925-587f162ac8f0,False
499aa219-b5b6-4d3e-bbb8-e3cd05919a2c,6d4d1944-cffb-4c70-a79d-573828036fc4,False
85797a4e-f5b5-4e7e-bbdc-ce03fc945911,ba7b14b1-1ca8-4824-94e1-f41c63962fea,False
a9042495-85b9-43eb-a201-2f15e2dc7b1f,7089974b-07a4-49e6-a52a-41305f22b985,False
534e94da-5097-47a8-b5ab-9859de1aab87,96a8707f-c17c-4c04-b2c7-160d60aef3a4,False
b9c2abc2-4e19-4c6f-85bd-d4cac0f9d444,e9a380be-24ae-401a-9a25-90e8c596ab8e,False
40a4aeba-136f-4fac-9771-8d0c44153af9,aa52b565-4bd5-493f-957c-01dec7d5c13f,False
462f6edb-c549-455f-9d5e-f216088e88f7,190bfb7e-3181-413f-845f-55a6c47c1f66,False
5c702199-01e1-4ffc-8b16-858ca94698ff,af8d713b-39a3-4205-817e-0fe087568e52,False
d78b08a3-ac10-4893-8f10-dd5126562855,f37553ae-dea7-4f7e-818a-9adc544e2dee,False
b1157eb9-aad3-4116-a43d-97f6fdbf6ad6,02beefe3-6871-4b9b-806e-1e103c443ab5,False
5c6e0c24-a272-416a-9529-16e802880cbb,c4b07cea-fba1-4a98-bcb5-062ff99afcf1,False
0e9fa49b-6a8c-4424-882c-81e1843a3d7f,79dc669c-4fbf-42e1-b03f-fc6c9a29a9c5,False
f5ea3724-1771-4ce1-ba64-db67d2e8a505,10cad1ea-c8dd-4753-af6c-3ac967dcfdd6,False
c19a97c5-05ff-421d-a849-d9708415bd13,cae8337d-4802-4135-8424-7b6308743cee,False
015ed483-2fcb-4644-800d-3600fcc5ee64,a8bf2b1d-0bd7-4b25-9615-091dfab65fb5,False
c59b3e04-75e4-4ef5-a032-e89e36dab780,76ed2fea-6b57-4ec2-98b6-2664dcb47fb1,False
e97123d2-d996-4bb1-ab78-d683a59ce188,55e03214-22c4-4069-b14e-0b9eaced5602,False
0bfa8dbb-3fac-4169-b064-f4256ddf7964,d262d309-77e4-4c9e-99ee-d6f17f688533,False
8d369d26-53fc-46ac-8999-32d43cdd2324,0ec21675-4772-40d4-b192-763841f69d6a,False
db46d966-5846-45f3-998a-88665a43e9bd,41056024-360d-4778-b961-6cc713289d88,False
1e364883-50ad-4d1b-94f0-e25487da2e51,6e5c5e20-75b3-4261-ad4b-6145d295f9ee,False
063854cf-2606-43a7-ab51-a6058aabf399,5993a474-63af-4d94-9721-c32819223163,False
4ae47689-08b2-41e1-8a78-6944a1634aa5,ee832455-363d-4b1e-b19f-fa9d6f59344e,False
6a49489f-6885-496b-9558-c57483ac47d9,f2a210b0-343e-4fb9-b005-98ac7aefa981,False
2e20cd00-bb14-404c-b4fb-cbd6b9e7b8bc,e903ba0f-2941-46c5-b33a-790220262c07,True
fa726c6c-c73c-441e-898a-084a36722e84,6496f52f-cb02-45a9-a658-988ef02466e3,False
34678047-bdcd-4067-abc3-2b6fc38ced92,07d68b6e-c240-41c3-a746-170f3fcb0a5c,True
202653fd-be4f-405a-9bb4-75011d81c48c,8e6034b8-a1c9-4b3e-a422-1b659d2acc1c,False
7c831cb4-066b-4932-9544-09409dc56b1e,d8b63195-d1e3-4a1c-a8eb-dea99447a74a,False
fbd9e23f-b0b2-46e9-9cc7-99ccba6d019b,dd26911f-2fee-489d-b2cd-bb0a4c12ee96,False
56f35ef8-4a3a-439a-95e6-886e86b23a25,1da4c579-ff70-4fa4-81fa-5fb286da7100,False
4faddfc8-c9d0-4578-9de4-bdcb03deed28,293a86ff-e064-4a09-ab59-f91840578a8d,False
847a26d2-1087-456f-bc50-32f0509b3796,3ec96605-3e54-4e3a-8ee1-d5a22a886f03,False
7c831cb4-066b-4932-9544-09409dc56b1e,920ca3e0-985e-4e6e-82ea-f7127603a21f,False
8ed5b5fd-e2c8-4213-9607-734bac09cfa4,9e568b13-2496-4087-ada0-0fe204c3a00f,False
512b7ad6-a960-4ad7-a647-9fd1cf592408,3756bb57-d1bf-4d34-b003-44e990265882,False
847a26d2-1087-456f-bc50-32f0509b3796,a3a250c9-aaf7-4b34-ae92-841d2adad09d,False
ea2d6e6a-4100-4c44-a8e1-294c33a5ae06,50baceb0-0b47-4c28-9f8c-3c79bd1f3a24,False
5cd823a5-ed84-4c74-9e39-d2886e1dca80,c49b5808-86e0-49dc-9321-e98f3099064b,False
2b98bbf4-7476-4277-847d-a5ca0bcdf31b,82d5868d-fd22-4c2c-a00e-8079273b5677,True
831f4abd-1459-4772-aef6-4adaa3da61bd,c41ffa00-f0d5-47bf-b9bd-a61f09b18d00,False
24f9e2b7-6b67-466b-85c5-59a106fb3c13,584b2946-3cc6-4b66-85a1-f82d7bc6e27c,False
d383cc64-e7ca-46dd-bf63-4625d6dace18,cba56aee-47b5-4e69-964f-33e929d47fb7,False
8fcc6228-0c22-4014-b09b-927eae7a56cd,017d400f-898d-49ec-9696-4fb8235b8f5f,False
e0d1a8a2-99a8-4d5b-8d37-e0f0ec5de880,40c6239a-1566-497e-95b8-34fd2e89e80f,False
5d657193-1d70-41b0-af4d-1c2da305e9f5,1b18dc23-5556-4729-9698-c20c2b4f2096,False
d45b420b-c640-4eef-be65-19a8778e2cb4,0bb40728-777a-4e32-a04d-f182b146089c,False
9db34139-8e39-437d-a9be-656051dd8bb7,a87a02a7-5baa-436f-a28b-e227bb801132,False
1383d9a3-2178-4e09-b180-c639faa3230b,961d7042-5950-49d8-9533-c89b744275d0,False
0ee7e5ff-c8c1-4eb4-b15e-b58f21b31370,e64d06a9-ac3b-4d0f-8172-481e4cec11a5,False
e16d6863-374b-459f-9a97-9ca768712c86,ea1a17a2-5574-4217-9017-19d2196b18ce,False
247846f9-f388-49a3-8d65-aacf507bdf04,8992554b-32f9-4f12-ab2d-b30fe2f9cd43,False
b5977fb6-ece5-4c84-bdea-394c535c41da,5f7dae78-4a33-4a21-992f-ad393020e72c,False
e82dfacd-63c9-4e02-be89-64d0325cebf4,9f93840f-9b15-475e-bda8-1d9dc170bb15,False
353a8fd4-cbf0-49c5-ae5a-d38a52be9219,31029561-32f6-44d4-9784-832aa604530c,False
d618adf3-63f7-4452-997d-83d8cba1d2af,105deae0-5839-4f7d-a9af-3a5bd9b21fd2,True
f56f4554-7040-4909-b4cd-6388dff3b189,ad2b5c84-8807-47ec-8c41-810d0daee6d1,False
08018222-558f-48bb-ba17-572780313477,ef01fd7c-236c-4ff4-a194-e15a0905d3f4,False
471e3a04-62b3-46ed-a410-758c5ef2c3af,1b4673e8-911c-4681-8c75-df97b9375b23,False
cb559e93-6fde-41ae-9671-7a1deab358f4,3cf6b1b9-ee9e-4ed6-9cbc-056ed2b93ce9,False
3da853f4-5a32-4d94-83c9-5ed338c63f0c,43506d5f-cc88-4ebf-9336-f87f5c9461ee,False
546dfdc9-44d8-49f3-b0cb-af90f2dd387f,ea206180-0725-4aad-8dd3-8591f9a60219,False
a04a016b-edcc-4f1a-bc00-ea79723d3ba2,8bf34ffb-2c12-4df3-b3e9-251a0b2ca7be,True
e9412aae-49ef-4b94-8aa1-094e8d1a707e,6e67385d-0cfe-4f37-a1b4-74f5e6253272,False
0c31984f-fab3-4d52-948d-8bd4116e6708,9545b04a-3db3-41c1-9148-d5605b9c93a8,False
027b6704-cc3a-4ef5-b756-b94835d785fd,cc838c27-7829-440f-a701-dd43f3484fc8,False
d35e946f-55a1-4ea2-924a-8e365c1eefd7,238d1b5d-9131-4101-8668-ca15871f32d5,False
8e10658a-ee7b-4404-a66e-5554dc54614c,4e8e6c13-e72e-4e5a-bd30-0ee0539de1d7,False
3364bafa-6bff-441a-bdbf-2d183edd2747,b80caa7e-e2a6-439e-afdf-ac2ec43819f1,False
7a68f1e9-83fa-46f3-959c-a3e8d57383d0,78a2c421-5985-4464-a170-9804cb423db4,True
6c4f6297-8927-42a0-8dfd-0fa0204f695a,a4c5c381-3b54-4d62-80e2-f144fa1e48f2,False
98f930e3-e3db-4e31-af1b-2cd850d41f4c,e696423e-36bc-4de2-8ce6-23078e920ddd,False
36347e5a-2adf-431f-808e-e824d198c4f1,7457d574-2162-43d1-af46-460d5f88310c,False
4f528a9a-8b8b-4ccc-9967-924374c5ae7b,bfca8c14-fe50-4d85-9b48-5fc07f741949,False
2b4cacc7-ac0c-4777-ba5c-5d02859e7bb7,e6e0e67d-7d41-4ba2-a5de-3a2c68742af6,False
e880864a-6c5c-428a-9a8f-91fc443753c8,69990e76-97ec-467f-8ab7-30e4d4ac59c2,False
b590d5da-32b2-445d-916f-da445d89072f,fdaae9a0-c26f-4044-9a54-13c8fb78575c,False
934d22ee-7b6b-4479-8269-ea39d7bd41c5,af4577f8-7b6a-4e87-b90d-51ff721ea241,False
1383d9a3-2178-4e09-b180-c639faa3230b,51b6183c-a7f0-4d83-b483-889a56909f28,False
8e4b7da5-6ba6-4b51-bb45-28f3f11163e7,d89d2765-fc9c-498a-afe2-076f48ca9b9f,False
90722945-a4f4-4705-b296-08e90f2e6e07,bb2b6833-7c87-44ec-80e2-d80457f9e2fa,False
46667c02-0aac-416a-830b-39ecd16e99ed,fd510766-3108-4548-a523-100a93962811,False
8704f6e8-6b3f-4ef2-9368-2cc1813805c5,ad1d9698-ce1f-4a0b-b379-94d838e50835,True
d39fc266-c883-4bf3-bba0-a4ef314e7d93,bd817db6-bd50-40a4-9e8c-571dd2c04e54,False
16234635-4c7a-4289-a602-535e827ff451,23579df0-9df8-45cf-badb-858114f57f19,False
c2daefdd-69c5-4e21-80eb-2be984eb33ad,9881335d-d780-4024-b39e-f208a14a806d,False
98418fa8-707c-4fa4-b1f7-f2679ef0e13e,99bf9719-7c9c-4e36-923a-6a94a1983be6,False
9d783bc9-4cab-4a19-93e1-fe04bf4c84b6,ba5ab25f-9e7d-44e0-927b-4cd8ae3895b7,False
b4f56b3f-242c-4285-b297-75ebf3b9c98f,20a0ddf8-dbd0-4c33-b67e-66ed7d2b24f4,False
fbd9e23f-b0b2-46e9-9cc7-99ccba6d019b,29632172-574b-4142-a268-2218f0c2df03,False
071fc5bb-7f69-46a2-9861-66af14e639af,379f2f74-503e-4227-bb61-482390b3ef0a,False
acccbe31-d576-4883-bdc2-1bde52b99415,317309af-001e-4e3e-9453-ca6e086cc480,False
da9ba4b7-817d-491a-82b3-52e5f32abd16,74a53410-801b-463f-ac56-83b00da1882a,False
9e203b79-2658-442b-a72a-e9ae1680ae97,2827f9ee-9bbe-4889-8b16-bc0130bce269,False
534e94da-5097-47a8-b5ab-9859de1aab87,7a39e3dd-0ab4-42e3-9c47-a23a009ab4ed,False
bcf2be0e-96c7-4c8b-a895-2b5d8b55e332,ff287927-5bbd-4e9b-af80-09fdda76f82f,False
aad9ee6e-49f3-4d54-b428-201fe8da0ce3,5e524fc7-bcdf-4f5b-b6dc-cde2f389687e,False
7f0cef90-fa1f-4dfc-97db-02816fc7afff,2db8801f-a335-42f7-9439-b615e5534b8e,False
a177f1e4-c454-4d1e-a4da-4679cd6ec817,387a9c2f-eafb-44df-b4b1-c0bf35f4ccbb,False
260e4422-9434-47da-8d80-c71a274d2a9e,90dbd9c0-5cb8-4b56-9b92-39a6c92bd470,False
5b9d2408-1247-4cc8-b22b-5b058e1aaca1,230a7b92-6b6f-4de9-8d7c-1239fef57ce6,False
24877b9e-c4ff-4a36-8e6b-7eeddeba0b03,05a7d008-c80d-453c-be48-9763ca2446c0,False
8e6fca4d-178f-4811-a7b9-0a5a63ff306d,44ee95c7-4344-49f4-9ef0-9ad792f29160,False
1b026807-0aef-4a28-aa8a-4b86e3b090fb,a648895c-2790-4bf0-9bca-06af0b04e6eb,False
6da918d8-067f-4243-ad82-829aef7b3c61,bdbc5f75-178a-436f-b292-3a02c47d3092,False
e4c80285-6e55-473d-86c6-3be0e2205a27,bac3c696-c917-43ba-82ed-d0c0fecd1232,True
70e409a5-a808-4204-baca-4d2a0d56506f,86b7f89d-4af9-40b0-9685-76f31d225c51,False
5ab69702-d98f-4974-a8a9-a1c9db9bd529,f339f3cd-6f65-43b8-8ee6-5aa8793c0d27,False
c74d57af-a471-4faf-8072-71db600366be,7fbc1f1c-2f5b-47dc-ade8-c8c3e344f84d,False
88538558-588f-4451-975a-e0a59176cc65,f6e31a4a-c674-4241-a8b7-78cd914cd6d6,False
2a552cad-7a15-4a3f-b6bf-7c5f24979f37,79d69335-6d13-44f4-9e4c-133c549db09a,False
0ea69ed2-5541-4d28-9cf0-f257bba453c8,62ec21b8-ad92-416a-9d75-62909f1e96b5,False
6daeab67-6d2e-4d4c-9fea-67b0f66ccbdc,b33e3ce4-7942-40be-a139-2b003755377c,False
9a9feb08-d1d5-46e2-a802-f9331df262fe,41496893-7404-45c0-9efd-f838f15e0c71,False
557a68d9-0634-415c-9745-58929b8dde23,e09d7662-3f85-4434-a98e-883d014bede9,False
67180508-5597-478b-b223-e1449701bcff,22617c44-525d-4e4b-ab9c-2cbf8f022cf8,True
28dfa12f-8dca-47d7-ac4d-723c4dfb9f69,69b9619d-34b1-4f63-830b-576488ce299d,False
3c3c6f8e-2edc-48d8-a8e5-af9bc964632c,0ff256c4-6e9d-4ac1-a9ba-4fa6c7ac4b0e,False
e95583ca-311c-413d-8ec8-d76135d83716,e3fd29be-4129-4b43-abb6-049cf90a3a1b,False
d4445e35-5c5b-4754-9305-0f4cfedf4093,50d34c4a-0d23-4d1e-907a-a011be038a5b,False
34678047-bdcd-4067-abc3-2b6fc38ced92,47573716-657b-467d-9310-69d52ec10ac5,False
25bb1a44-8e7c-4f35-b8f0-278641b1c9ad,8180fe23-8ff9-4da7-a3d8-e25b91c2988b,False
f509669c-b4a7-45c5-93ba-918450d3d32b,f62570c6-7747-4d54-bf1e-7000ac795ab9,False
98f930e3-e3db-4e31-af1b-2cd850d41f4c,804fa4c0-0b3a-4945-bc3e-8d5351e3bb51,True
30f9135a-4f87-4dab-bc38-005c85b94a41,be6dfd53-22d7-4888-8204-dec892363e06,False
