office_id,patient_id
f0769cbb-e09b-4669-97f9-e1e9fae2f503,f5d6f6f3-8dc9-4f68-bd7a-0055380e3012
1d05d59f-14d2-4bf8-9653-54803c2d227f,af5cb1d1-58b0-4cc4-a903-5f5ce11fb473
e58e5d6c-3928-499c-8388-27dbc7dca57a,4f6d6207-d5c8-4d3b-b218-58325c3173e6
c97ecb78-a554-4d84-aec6-74b7eaf2f97d,bc9e872b-1cc2-4256-a73e-1adb9399238c
9c845d8f-5e7b-40cb-b266-6d9fda877cf6,03e8a712-3beb-416b-a0d7-a881206d1eea
9b522806-9099-4084-b032-a57168da1443,0d5459ff-76b4-4281-a50d-c269a639c0b9
aad9ee6e-49f3-4d54-b428-201fe8da0ce3,56b7c28b-15de-42f5-976f-45b92e271a10
698a6606-c9c0-44c5-9701-5b5730153fa1,13263f0a-e982-4e51-a14c-af5d32c1eb22
b504458e-b544-4f74-b94c-4260d3b41e8e,82e9597e-7efa-4aac-ae03-1d11a5d90cdb
08018222-558f-48bb-ba17-572780313477,c7f875bb-cde6-48e4-87c0-0420cb6a72a1
6163bba5-763e-42f9-88cd-0ffbf4de1365,0e102c69-3235-4779-987c-0c512b742513
b1367072-f619-4f53-80dc-49291303ddcb,b48e4760-ac10-42b3-8efe-20344538bdfc
7099a016-15ee-47f1-8f58-93fd57434a32,acb19e3f-9fa3-4663-9d99-fe042a4697ff
c00713ef-d20d-4d5d-90c9-9742fed2c887,382446c0-b93d-46f0-a454-91a090456da9
9c546526-9620-4b18-af42-e4349ee09ab0,098f4c88-0c1e-483f-b1e7-f41992835459
f0769cbb-e09b-4669-97f9-e1e9fae2f503,43735fe0-168e-4946-9292-f726a3ba0211
ef58a3e1-9d08-4e88-9c78-049169e7ccb6,1c76a779-4d6f-48e8-a000-3d9ff7a8cc3d
3c587c62-c3b9-4733-a3f0-d4d00dfc903a,4b2f1cb5-d80f-4d85-b6c5-8844dbc0cc41
8ff30105-bf96-44f8-9cf9-9915f02722ca,62919c5a-bd69-4ab3-bd29-23bdb51b33cf
2d4b098f-3d83-42fb-afcd-c2de36b55006,b7452e16-29f6-43f0-bb0f-67886c4cd3bf
d9c01737-9eb4-42ff-8b3c-33ec843fd256,4d5cd1b5-f2b7-4efa-91a5-8f99b6fb9ad1
7d9fdede-a561-4241-a240-a0ce2be90994,34447033-4288-42eb-b15e-0b80bac6b68c
46667c02-0aac-416a-830b-39ecd16e99ed,96b5e8ec-54f4-4e9c-bf2a-d3f8f2dcf031
5261663e-aa82-4bc9-b54a-7a79bf396f97,30bc7abc-e0e2-4ac6-a534-8f4f50d5bdb6
e3de4167-8e83-4252-895f-48db25fd1e55,3221d239-bc70-4533-af3a-05c90d5eec9f
d921a0d4-844e-423b-aa25-10f9143bf556,82084eab-c9b4-437b-ac4a-fc45a3a8971c
1567fde0-87cb-49e1-9c0c-3db93acf93b8,3350272e-0fdd-4dd9-a296-4a584155d8f9
eb442861-b163-47f5-b90d-ec7acfcecb16,1430d90f-36db-4f02-be2b-48892f2afef7
7d9fdede-a561-4241-a240-a0ce2be90994,a81d4e7e-4df7-4efc-832a-7e78de50d69d
8d5a9021-5948-48eb-b299-96d24364871a,9de93654-b790-4a62-8bd6-bbfeb52dff98
5261663e-aa82-4bc9-b54a-7a79bf396f97,1bcbd5bf-a197-4abd-8369-5c8d938f930e
dd7c4c2f-76b3-4021-a629-5e019053af36,c06380bd-a2d7-425a-974f-3a8df0b8d398
1d05d59f-14d2-4bf8-9653-54803c2d227f,56f1d8ca-8766-4ee7-a07e-9c7e8fd00437
7f0cef90-fa1f-4dfc-97db-02816fc7afff,0d774708-5c00-44d8-aef8-fd9cf70d2fcb
ff05e9d3-52e8-4044-bb4f-9ea9d0fb6833,5cde82cc-8532-4e8f-850d-e0e82af7f4a2
d6c81eb2-85b8-49d2-a96e-7be3d6947fe7,02e987af-44eb-40ca-81bb-ff21d29ae090
6163bba5-763e-42f9-88cd-0ffbf4de1365,c029f18f-6f89-40d2-9d9b-81d0fbc4c089
b265055f-3850-4950-9f8c-a24eff0d2d82,e80fd811-bd68-4c17-8362-337622f232ca
29116f72-ac1f-41f7-a345-b7f1115b7ad5,4e4442f5-162d-41ab-b026-62ba49d4fb25
dbe4f9a8-e229-43c7-be9f-6a4607ea11c7,d1326b0f-d514-419d-ac1a-1f2907e1dce7
4304977e-45cb-4ce1-ae66-72c9f0949a3c,443327a9-a5fc-461d-ba13-4c2af48ef063
b8eb2089-9814-4b1a-9733-e67c8ad7cfff,4f7242f6-31e3-4021-ae65-ec863c2c60c5
0a032964-98b9-4edd-97db-3c5191e989f8,be59674e-94ca-4d90-8286-e2f1d6f7dcc1
e5b9f073-29ec-4662-982b-398dfb0835d2,87a8427c-0f15-4351-96f7-06b90ecaa107
79689d8c-816f-4b6c-bf83-82d6491d67fc,6aeed028-80fe-49fb-9aed-d92ee3876a3d
d47a206c-358a-4019-a949-36fb306b3e77,770980dc-07a5-4fb8-9f21-0edb64cb970f
e8403afb-42c3-45eb-a854-f9dd8dc3eccc,1a56d5e2-ae18-4107-bd57-87b84a352c68
2271e221-1d2b-49ce-bc69-8154844ff898,a0654bb6-c92f-4cc6-bb0f-40cfa5322676
0c974d3b-e8aa-499b-82f8-0fd77b93449d,b6537c70-c035-48e1-86fc-221b4c3ad37a
39c169e3-10c7-44c3-a71a-0ff2ba308391,a18ac929-d5f6-4d2c-973e-06316cd1f1c9
29116f72-ac1f-41f7-a345-b7f1115b7ad5,38c193f8-03bd-4323-865e-bf7d775cb95b
ee6c5262-842d-4f0b-9bc6-d26e1de82186,41804c4a-1cb7-429d-a59a-87e8cd2c0095
b0f99e76-3741-41db-bc29-c0f0cce2629e,4ca1a3c9-8510-4d62-9d68-ef7de4c55132
a727bdbc-19cb-4446-82b7-5f4be76ce882,b762ca83-fcdd-4827-92a4-09f6d225b0e8
6c4f6297-8927-42a0-8dfd-0fa0204f695a,2f4603d1-29ce-48a5-9942-03a2a623e683
6357f028-7ade-4839-9840-2bf047a781a2,c09b5506-d25b-4834-b6d2-00a011dfe808
6daeab67-6d2e-4d4c-9fea-67b0f66ccbdc,98a32f7d-ef75-4dc4-a282-51af33c6403b
db1133bc-bfe1-40bb-92e8-be9a9c1e045d,131adb6b-836f-4e2b-bc55-062e03876726
2a0572cd-f0bf-45f1-abe5-8fb3038b7e76,63a21825-0b6f-46cb-8305-1e8d7cc96a73
b2a90862-2555-4778-8ab8-bebb0b73224e,9a49d0af-cfe6-4f80-a7f0-eb83b5069a34
c00713ef-d20d-4d5d-90c9-9742fed2c887,cf1e84f6-98c7-4ae0-abe4-1aa71658cd83
831f4abd-1459-4772-aef6-4adaa3da61bd,1c578ca1-dfe3-412b-82ca-cd0de4374a75
1d55b45c-505a-40d1-ab30-20f91693aa73,b60dc5c3-cc35-4b02-8f3b-8186e076489d
f6874190-9b0e-4ff8-92c0-48b8d5e2ad77,259e9885-37ff-4227-8787-77f15bddf55b
0a032964-98b9-4edd-97db-3c5191e989f8,3b0dc254-18d1-490d-b7e3-ae736e7943c4
a7c0602b-bd68-443b-ab2a-e5942a5285ad,22f2de48-371b-4ede-b662-c28a0b034bbc
64676c3c-3f2e-4153-9099-c82926b234f8,7ecb437b-d563-485e-8dce-0acdbfae7eb5
043171b6-b9a6-44f9-8048-9c89a26a1071,d1899b85-42c4-4d0b-8789-8deb97e72199
7672b7dc-c6d3-4c4c-85c1-51e2f6fef2e0,d78e07a9-cd81-4106-9a25-bb52b17b5fc9
d24b20c8-7ca6-42a6-a799-e0a4b15b7681,a0938ab1-cf1c-4a9a-bb13-49dc08911fe6
e16d6863-374b-459f-9a97-9ca768712c86,e964f53a-8446-4333-8c6c-ca948f7a5915
d618adf3-63f7-4452-997d-83d8cba1d2af,252c815e-942c-4b5f-b7db-3e4d523933c6
8c149207-ce2c-4680-b620-be3544bc108b,dfa8c1c2-915f-43fa-a250-c66cf75d79bb
b542a0d5-028c-4763-addd-86923b254931,bbfae988-ac5c-41c2-aa14-0db146dde7da
2aea1624-665b-4148-b353-c11663d918f1,8f114186-dd54-40c7-921f-312e9a057fb2
a727bdbc-19cb-4446-82b7-5f4be76ce882,df217e41-3d1e-4b8c-ac3e-3024c5652baf
b504458e-b544-4f74-b94c-4260d3b41e8e,d6049f4d-c312-4a02-b8b0-c7efabccc615
42ffab51-132b-4a3c-9a5b-5070c122c57f,9e9dd611-b727-450a-b83f-9a935b21ca05
45aca302-9f17-4595-8f56-1106c7001d1a,28150605-63c0-4102-8f62-2c7d0543f1b8
dd7c4c2f-76b3-4021-a629-5e019053af36,1244ac41-d4ab-460c-98bd-b5e9f744363a
f021a6be-65f1-4d61-9615-017010ee7945,3757887e-a555-4e65-a077-94d44661df88
d3602c77-6883-4f79-995e-c3e762b6ab51,12508cd2-ced4-453a-9df6-46621bd4d5e8
b5977fb6-ece5-4c84-bdea-394c535c41da,06797e72-f1aa-49b5-9e39-9b0072654432
8d5a9021-5948-48eb-b299-96d24364871a,3eef34d7-1f6e-4c00-984e-6a53942c6ae1
52d7cc06-b2ae-46ed-8475-d48d78e69a3f,a71753c5-540e-4db5-a4aa-803f1e40bef0
aad9ee6e-49f3-4d54-b428-201fe8da0ce3,cc57c235-7780-4954-926a-5db65839e7d1
3be4c70b-f95c-42d4-a5f1-4f2c83198e8b,2ef68764-2654-452b-b869-a4d1be5bc82c
d87a8dbe-25d9-414b-b3f4-734db1408bf4,f2b320dc-b8c9-4df9-9603-077bfb417545
66259700-4cbe-4e23-8f3b-5acd39dd046f,157c0772-a5ae-4d00-b268-6ec444e1f61d
76d18051-4e95-4cdf-83cc-eae029e8d633,289f4277-cb17-4a3f-98b4-593b0b074c98
d1c24595-0c01-4882-952b-5eb3aa669d66,3a0a702d-e906-4945-9abc-506860678768
9b0e8aed-9109-4cee-b66d-82ee913b5bbb,7fb2ba53-38d2-42fe-9508-728559b4d4f2
e67ebd98-78e1-431a-bf66-949d45e7c02b,0f493985-633e-4637-af21-2ac4e480b904
d5916c39-9cc0-4006-8764-1f6f248ef946,5078ecbf-1983-43c6-97e5-5718855154be
aad9ee6e-49f3-4d54-b428-201fe8da0ce3,e1428421-e7d8-41ff-8df2-aa05c7028cb1
39c169e3-10c7-44c3-a71a-0ff2ba308391,bf648968-fa41-430c-a1c5-529901d74b9a
4ae47689-08b2-41e1-8a78-6944a1634aa5,7ea4d41b-9a2a-444c-b14d-3fbd7e39458f
068c2e62-b2ba-4907-8926-80725d62d1a0,1a2aa174-b2c0-4271-9494-103a51b5bd0a
559ff141-c943-4de4-94a5-5f49a5991481,cbd3c7e6-55b6-4e48-8197-3f3ca51d3829
a3f8e6b8-f45e-483d-baf8-bbde713f1cbd,4696168d-5560-485b-ab99-18cd1b9601ac
279e807a-8fdf-42d7-9f5e-30b3ea11d70b,370e8983-33de-48f0-a20f-91518b7772ba
24877b9e-c4ff-4a36-8e6b-7eeddeba0b03,47eaddac-d4c2-4fdd-aa96-ca99e4e9fab1
b9099eb6-c056-4d9c-8ab8-994a54f322df,d46f4240-a31d-4c35-bfb4-27136557eef0
b2a90862-2555-4778-8ab8-bebb0b73224e,23855cf6-5a15-4b3d-aa88-85d686ef0188
0971af5f-2c19-42ab-8aa1-0a63145e123b,f8bd1cdd-48c6-445c-9d38-c0e15a593ec4
f174b044-19dc-4468-8c4b-bc4ee041ff88,6586d3a5-fed9-49ce-a576-c85ac799ce84
ff05e9d3-52e8-4044-bb4f-9ea9d0fb6833,d914c023-f965-427f-ad3f-435e026bf530
b504458e-b544-4f74-b94c-4260d3b41e8e,f3954ad3-f471-4cd5-afb0-2be3b6544c30
eaa3fb2b-84b4-4df6-b155-794a5c351fe1,8f590935-02aa-4d8c-9183-317fe51da4f7
a74e2c2b-7eb5-4bb6-b9ba-e17b2366f99e,db49a23a-dd0c-4181-a0d6-49fc779d4f0a
d366daa3-b267-4b19-8d3b-691075b9a9fd,df997a06-3642-4084-8875-bd6472074372
76ba4337-7442-4f72-b703-59a9d51bc1ec,69f23740-16c3-4a2e-aa22-93deb2d50edf
ada78723-1112-4919-9501-d0408b414e21,26991a7b-516b-4ca4-a447-d1e3b95525ea
0971af5f-2c19-42ab-8aa1-0a63145e123b,f09ddf5c-4e37-42ef-9353-7be72314710f
7be7f4b3-6fa6-4723-bc54-ca5752a924f8,329e3127-f5f8-4d85-a1bf-0b89c3d127f3
9194e05b-2061-458b-8f65-49f2b464c16b,0def5f9e-a253-46f7-aff9-bfd260b92581
7785de6e-d1b7-46b1-bcab-796caa7c2609,09c5a6fc-3e6f-47b2-bacd-ff0e4577e66b
6357f028-7ade-4839-9840-2bf047a781a2,b7286591-b76b-42e0-9e7e-4edeecdf90d8
777b29a9-0064-4325-9c1a-335e7c329e06,70657fbc-ac5e-48a7-8ee4-b821a77965b7
25bb1a44-8e7c-4f35-b8f0-278641b1c9ad,20a61a88-c2a9-4665-84fa-08c2517eacb6
e1935dcc-f6fb-4681-aa02-a086f680a104,7455488c-25ef-4f7e-ae53-d3abad7b0859
f2506998-cbd9-44bc-9733-ad4f01e815a9,18ca2d81-e1d5-43c8-b227-c254b756c1a3
c00713ef-d20d-4d5d-90c9-9742fed2c887,1bcabcea-9432-48f2-b0af-6d3eb2b8e176
3adaf580-2b73-4f17-8fa8-c031c90467c5,aca9da77-04ea-4a41-b91c-b7d0d8e7fe48
534e94da-5097-47a8-b5ab-9859de1aab87,881a2b1e-4fdf-482e-8629-7b2bdc22241d
9c546526-9620-4b18-af42-e4349ee09ab0,daae249a-6e5a-470f-bf0a-abbbe10baf1f
2a0572cd-f0bf-45f1-abe5-8fb3038b7e76,5e148d56-ab16-4c84-b249-4b184efaae7b
c2c5b9de-b672-4a1e-a213-f205dc76feb5,d4bcb7fd-c466-4615-9723-35d78f4132f8
c6d45391-aca6-4774-bdb5-3b98d72c43fc,a0fecf24-ea86-4914-bcd1-809d05d3ee24
b9099eb6-c056-4d9c-8ab8-994a54f322df,4a87816a-8d71-4b06-a698-82d87abefde7
5eaa1c1c-932b-4b39-8e2d-c3cda7fc5755,541c9c43-f5a9-433b-87d2-f424afe33f15
6163bba5-763e-42f9-88cd-0ffbf4de1365,c5fb4674-331f-480f-baef-8853a2090531
4685857c-0200-46fe-bfcb-4b846a5cd273,0f78dcc8-7b52-461b-9912-1d5782d99e6a
26245720-ba92-4014-b041-f1b4e26430a8,9529ce85-6ae0-4a03-b16b-e645976d80a5
894c691a-bcb7-4dcb-b431-281a5dfb377f,98815ba9-490a-45bf-8a74-03b5c8067c7e
683c0d95-fc0c-4fff-ae4f-e4569d53c18a,2f984c9f-1c10-4d6d-b01c-4a2d045becc7
40fb280b-f53a-4bf6-ba63-fe1eece3acaf,70f2af7c-cf54-4fc8-aea5-b3f1ed134beb
e3550c5f-e155-457d-bde3-b0121a59dc72,2a48e19c-2526-4799-8b4b-378a4c50891f
09f6dcde-5b77-459a-abb1-53251d1b62bc,7bf20440-942d-4a66-8d8b-5887d395b47b
7f5ef2ce-c9be-4d96-987d-18466df90d0a,79709bea-5fa0-4dca-939a-bf670fa4ddb6
7f1accc1-bd5b-46cb-b5b6-62f6421d9b0f,f2b6cc5f-09bc-43d5-a3b7-c18766c206c3
dd7c4c2f-76b3-4021-a629-5e019053af36,8416f055-9bde-409b-98ff-a3befb0cac76
97500fb6-3c21-4b5e-88dd-3e34af015679,128a205d-6355-4e24-9bee-5b128cf9a190
f509669c-b4a7-45c5-93ba-918450d3d32b,f1b2f2cd-5978-45b3-898d-08d052178605
cfd5d189-18a6-455e-b4d4-4440832d3633,639d7555-ad95-47e4-bd16-ef8089f22980
71b86853-0f78-413d-937e-2a3b61512e42,667b7a27-93dd-414a-b11e-41de0c7e9f59
25bb1a44-8e7c-4f35-b8f0-278641b1c9ad,17c8c3c8-f4ac-4e7a-81bb-46b3135647cf
cb1416ba-6b1a-44dc-a476-e0e55ef3030a,c370eb04-8b67-4151-ae6c-8a09a72e20a7
b6fc4415-fe81-438c-8615-8c9ae937f8db,f91aab59-97c5-4da2-ab11-d09ab3eaba15
b1367072-f619-4f53-80dc-49291303ddcb,fbd8cf7c-dedb-47e8-9967-82417c07b92b
9ff3b35e-f7a7-4386-82ff-861ffeb29586,79c8830a-a652-4c8f-b9a4-84d72fd36be9
e67ebd98-78e1-431a-bf66-949d45e7c02b,fe81c930-b304-4aaf-9ce3-62b7eade5562
bcacd613-ddd0-451a-aee8-47f99a5606b2,2423eaea-db89-4b2f-9da9-ef9b00311079
45aca302-9f17-4595-8f56-1106c7001d1a,01451549-7a50-42b8-93d3-84cc77bc933c
6063fbf8-9e7c-45a2-91c9-548c611c8af8,12e4f41d-f256-4399-9162-869350f9b2d3
31b76b2d-2173-4f41-9b0e-0a557b7326b7,2e4e8577-1cc6-446e-81d6-abc5b965b31d
49737003-6d0b-4e68-bae1-852eced06ac3,ee0a5b33-88b4-492e-9532-fe399bc370f9
f5ea3724-1771-4ce1-ba64-db67d2e8a505,2d5ef900-2240-4dac-9579-8f229019747b
683c0d95-fc0c-4fff-ae4f-e4569d53c18a,53727666-9c35-40df-bee8-33dc9868956e
cfcd053f-a9eb-460e-9856-a4a7a4774047,5a179f27-e7de-4c4c-8fbf-cec5f197aad5
dee7640c-9a4e-4231-9332-686945f34bf9,a5f86e3c-dd60-4b1e-8fec-b198129f0581
98f930e3-e3db-4e31-af1b-2cd850d41f4c,eff39fb5-0cdd-42d3-b43d-419fecc396d8
3fcb7b92-dd43-40c7-b6d9-29240c93e314,ce32cb13-c37e-47f9-ba24-c31fe4044eef
f509669c-b4a7-45c5-93ba-918450d3d32b,4a540942-201c-4311-9685-69977b7e57db
bcacd613-ddd0-451a-aee8-47f99a5606b2,53148db0-21c0-4150-bc9b-035cb425df7c
fb054983-ace0-4cff-81af-05dadb945eca,bd1f78ed-5a39-4ca3-b2ee-b49c6819bd92
9b0e8aed-9109-4cee-b66d-82ee913b5bbb,fb605fdb-1532-4843-9368-bb99f8374df0
16461f25-c794-4b1c-949f-751dd5b6923b,0fc32464-a734-42c1-930e-a3e346acaffc
3d7256d6-2c52-433d-ac3a-2a1652a5fbd8,5eda01f7-dec0-4961-bfb5-55ccaeb0849a
c681aae7-c743-4cb2-994a-879a55797386,2e71958d-9367-4552-8af0-4f38f6d96aa0
66259700-4cbe-4e23-8f3b-5acd39dd046f,46760ee2-edb5-43f1-a661-ee6abacb798e
8fcc6228-0c22-4014-b09b-927eae7a56cd,3238ed94-c770-4d8e-91b6-61f9032208f5
d5e4c223-df7d-4801-b1ea-789f87fede8e,c73e9487-7f25-4981-bdb6-8e063f71e071
043171b6-b9a6-44f9-8048-9c89a26a1071,364340bd-cf18-4eff-b5f3-88c5ab51f448
4b904d46-c467-49a1-990d-31ed5cbfc621,e6bd6013-fd6d-4e22-8a58-5181b7aaeafb
bdc5f2b8-0e3b-42f4-82d7-57e09acafcbf,bcdcd46a-7bfa-43fc-92c2-ddfbdfe43480
71b86853-0f78-413d-937e-2a3b61512e42,ca2385b1-787f-46b3-9861-7b572ddb3d46
40fb280b-f53a-4bf6-ba63-fe1eece3acaf,ea8d9835-68e6-46fd-a23a-5ef0c2ab0e99
b492d571-ac2e-4174-87b7-bfe8827593d0,eb4e7a17-d858-45db-aefc-a0c4c287efe4
dab8cdd8-23fc-4681-b75a-997c75ee3789,ec09b169-9ed0-4965-97d4-35aca58b161f
2b4cacc7-ac0c-4777-ba5c-5d02859e7bb7,af6a2ced-5571-4672-ac2d-2ccf6e7bfac1
59ca1027-0b86-4879-8ab3-5ab026861188,eefeae8c-089a-4285-9b89-5af5a3e210dc
283beb58-5e39-4273-9c3b-ec215396c8df,ad50bf52-b4e7-4c04-995c-0c97f1a4181c
59ca1027-0b86-4879-8ab3-5ab026861188,e8de369b-e95f-4c7d-924c-debeba639975
46667c02-0aac-416a-830b-39ecd16e99ed,c2127cfc-1820-4dc2-851f-0eef655f1274
545556d3-e0a3-45ff-a5a9-37abf1119067,85898f74-6b46-46a7-b47d-c356ddf1e21d
0633d50c-c921-4886-a382-7f6e20a0d0a0,f1a8c945-d604-435d-abad-bc757ec63cbb
9c845d8f-5e7b-40cb-b266-6d9fda877cf6,b71b79c3-05c0-489a-8e22-28d665a986b5
d46cb6e6-2ca7-4228-83dc-a7ad367db085,9786d1d3-6933-45a1-9705-63ce264e72ef
f4437283-23c2-4705-b93f-3b7dca7fd5a7,9bf11f4c-56ac-4178-84bd-1f8acebae978
8d5de151-2826-4bf2-a434-c61b447a04b9,806db812-5081-40e1-99f4-c793cc3b65e7
31dbcaa6-7f3b-4f55-b7c5-51031e01821b,d42b2c35-b108-417c-afea-ec68d88461f5
71a95a12-21ca-4cf5-b244-7014e76ae21a,26d283e4-f439-47bc-a7c0-a9f33e457999
411dee13-1055-4ef0-9b00-a45d794c5c40,c553fd73-eaa9-4ce7-a46a-3d64fbb6ca4e
b209ee2c-b373-49c7-88a0-e1342f2d15de,e7ab15e3-9cfc-419e-b4cd-80cbb7f65831
31dbcaa6-7f3b-4f55-b7c5-51031e01821b,750c0453-5a83-438c-a948-18f2efe7fdee
2983ad7c-0f7f-4053-840b-626e5db8d595,92fa9803-04b9-42b1-9db9-a74849d6c1f3
0213170f-5c1f-4fff-a8c1-7a4bc125635e,424b360a-5edc-4d09-8be6-7fe40e39437a
5d1b4a99-8e39-4a60-b0e5-7412f68f72dc,9c481859-4ed0-4528-a09d-d6409e931ea0
c9995ec4-8ba3-46b3-8809-3dadde0550f2,62595103-7682-4c1e-9590-1053a1c3e2ff
dc31bdf9-d87c-4e82-b333-3593d509494e,9459995e-c29c-4671-a36d-213167e75db4
4304977e-45cb-4ce1-ae66-72c9f0949a3c,fc3dbdcb-fcfa-47ae-a7aa-58954f666a35
0e24e295-3361-4bf2-9afd-d95567797195,f4835158-8aa2-4138-8b05-b1d02f3a956b
16234635-4c7a-4289-a602-535e827ff451,e4a6f9d6-81e4-4cb4-a4d2-89f0e46cfce7
e67ebd98-78e1-431a-bf66-949d45e7c02b,2a8a7674-8e8f-4bae-a511-c28e08fcfc1f
698a6606-c9c0-44c5-9701-5b5730153fa1,a82240bd-d244-42e6-84c0-2da4482acbbf
eaa3fb2b-84b4-4df6-b155-794a5c351fe1,21465ce8-b7da-461c-a5cb-1255c1476241
07eaac9d-7c16-4058-ad48-82a0565f74d0,bc69aa78-b901-400f-b7cf-7b006ef10545
894c691a-bcb7-4dcb-b431-281a5dfb377f,c24c4711-a572-4a09-9724-52ffe53ad52e
d6ddf3f0-0f9f-486f-a53e-b0dcd9f7c391,28d363a7-52eb-491d-beb0-cd1ee80790bf
c59b3e04-75e4-4ef5-a032-e89e36dab780,b979c697-a017-4fd5-98b1-4a9cadb31750
b6a63248-91f2-4d9c-90d9-75516a83e245,84a420e0-1d8c-4ce6-a878-ddfed07ed228
4ae47689-08b2-41e1-8a78-6944a1634aa5,88c0388e-7c73-4098-a78d-55228070133c
4765ab45-e093-4899-831a-30d4a868ba02,68961d76-214c-4a68-a910-629739c7d264
cb1416ba-6b1a-44dc-a476-e0e55ef3030a,8d54c645-b486-43dc-b976-cb22726d2337
92b4ec5f-6ee4-4501-a96e-9e0bc08ab935,2ba77cd2-bac4-4cfe-973d-2b0e411f7376
068c2e62-b2ba-4907-8926-80725d62d1a0,de7843de-1267-4ca8-9984-fa0dfc7f5a94
ee6c5262-842d-4f0b-9bc6-d26e1de82186,115a85b3-15d0-441b-82f1-4c5446c73ef5
f5ea3724-1771-4ce1-ba64-db67d2e8a505,da74f0df-d402-45f8-85ca-15ec348bc15b
5ebe7990-3876-4bb6-92f4-60e04d799432,f53d40dd-5349-47b1-81e2-f13ea5812940
a01401bc-b732-4c1c-a34b-b621c8411691,a379cce3-b4eb-421d-b29a-4accd338d068
4e7ce474-9f9f-48dd-b2ca-552b2028e84b,d41eeac8-f1c6-4fe5-93d4-ac82000180a0
e27831dd-70b2-4e17-adc6-7b009ef357e5,74fbdda6-5717-4e60-90d2-a38610640eb8
30e90be4-449a-4e96-b8c9-b3ca226919ad,72628f4e-97a5-4f7f-8716-5b4c73271c86
a964ad31-4080-4a48-a7ec-2e6c49a50d16,b8d81b94-f31c-4a4f-bfb3-21efae9faf7c
5306d54a-ef2b-493b-935c-ab61346bd85a,60de5d6a-8938-4257-bf22-a6f8a945f0ba
1b026807-0aef-4a28-aa8a-4b86e3b090fb,d3eda09e-c711-4e92-8c17-13ba0adf4bce
a988cb3c-4ba8-4297-b775-0bc569c94f45,2f34f33f-2a6b-4f3f-9b6f-36b4f47b80c3
6c4f6297-8927-42a0-8dfd-0fa0204f695a,1a646fe0-d9ee-414d-8358-9c9f143affb4
98f930e3-e3db-4e31-af1b-2cd850d41f4c,c984eb2e-1aa9-463c-8b9d-308c571b01bf
534e94da-5097-47a8-b5ab-9859de1aab87,7c79d4e8-c03a-4a17-9cac-8bc89d195f3d
8e3539a7-9db6-4b7b-935f-05782df0aa7c,57d8d364-d5f0-4824-9bfd-3963ad617183
7099a016-15ee-47f1-8f58-93fd57434a32,db7c3b45-c64e-49f6-936e-a341d99eda8a
3c587c62-c3b9-4733-a3f0-d4d00dfc903a,db2e8d18-490a-42e7-adaf-5fbfa8dc09e7
eb4eb272-2b7c-419f-a492-897285daa737,1de3fe80-199e-474c-bdc1-696e2bc169e6
edaab069-b612-4206-8f0a-7dca335e1bed,c4f9c321-085b-4c22-8e53-45e77b99b8c1
6163bba5-763e-42f9-88cd-0ffbf4de1365,084f8a24-ee93-4228-9eb9-e0d92b3cf849
b240d308-e24a-459d-a260-f55c8bca159e,f2a74211-1b01-4358-8df6-1f6837628458
64f551a1-f35a-47b7-bb22-bf3edb8c41e8,2474fd25-23da-48be-bfee-8ded65b91e81
24877b9e-c4ff-4a36-8e6b-7eeddeba0b03,3fe2ce69-c85a-4787-b990-dbfd0013ea43
4e6482e4-b87a-47be-a39d-9cf678e26313,1d54b939-92d6-48da-a773-00f61f4860d6
5c948bd8-ad9f-41d0-b110-4b9ebe95721a,c68c1196-dba1-408d-b9ff-ae147741474a
0cdd4001-d1e8-45af-b4bb-f0b56000a4ce,c176f1a4-c61a-47f2-9902-0f9cb6b905dd
e5b9f073-29ec-4662-982b-398dfb0835d2,30ca41a1-f0ae-45ba-b8d9-fc009e308109
a74e2c2b-7eb5-4bb6-b9ba-e17b2366f99e,745f30cc-2680-467f-a6f6-49ad38387842
e1935dcc-f6fb-4681-aa02-a086f680a104,4f71fe13-d036-42ec-ba70-a4e4c584ddea
f56f4554-7040-4909-b4cd-6388dff3b189,d4266c9d-9540-4b7f-95d5-dd471c90f0b7
6944d12e-f648-441a-a798-8be1c5514b92,96fe7b73-7907-499c-9ed7-3945841dad57
3e771b8d-9cbd-4cd2-864c-dbbe58a6f026,30cd3fe8-1644-4477-b529-df04ca81ec96
64676c3c-3f2e-4153-9099-c82926b234f8,0e697245-ea35-4283-b7d4-3e5b536113d4
5876a03d-a065-422f-9b7f-62a88f09d672,3f92a1fb-1caf-43eb-9929-ec689bf9a1e6
f27f49b8-c4e7-4f2b-9752-ca2029a7f037,e7a43416-4c1e-4652-9b43-e0e9afea0f6a
a964ad31-4080-4a48-a7ec-2e6c49a50d16,4ab81665-1d0f-408c-8893-a79b92b7ac6a
bc36cebf-c838-4305-a143-c669c5ef57f7,2a482ebd-cf22-4bc7-ab3b-0c89f74aa5a5
84451966-8d2f-4981-aa31-e00568c471a8,403bfa42-448c-48ed-9f7e-c50c28d7a5bd
a18c3b05-83e0-496e-bc02-74665dc560a7,ca3cc9d8-a87e-493a-9ffa-14007ae77a8a
c19a97c5-05ff-421d-a849-d9708415bd13,7d97a3a1-d010-4856-903e-63e25849fa5c
f6874190-9b0e-4ff8-92c0-48b8d5e2ad77,f5b96fa3-33f6-44b2-975c-61d7cd3da54a
da2eb039-edae-4def-a1b5-6a1d751f96ac,fd148468-2823-43e7-ab00-d21bc81e1279
bdfc35f2-7d4c-445a-ae93-f7eda6865443,1bf7c0e4-c2fd-4de9-afab-766c15860618
e86e6176-0eda-4ab0-8213-f4a0551a0fc3,4bde5a32-09ca-4a70-b26a-32331621561a
6daeab67-6d2e-4d4c-9fea-67b0f66ccbdc,32df031d-1158-4c4d-9426-8cbcb417c28a
25bb1a44-8e7c-4f35-b8f0-278641b1c9ad,04641ea4-f3f4-4c9e-9886-c4dc79145440
3e73127e-d736-43ea-8979-bd28430d67e5,3958206f-0cf6-482c-8b51-05401b5b5341
aad9ee6e-49f3-4d54-b428-201fe8da0ce3,609e8e77-3345-428f-8c1d-789487475f64
469034c8-6be6-4110-9a73-2132ebe1836e,6bcacdf9-5cdb-4834-9478-65f5acbdbf5f
c00713ef-d20d-4d5d-90c9-9742fed2c887,e8e57582-5749-4eee-a3ee-f4262256c5fe
635297a0-1eec-4e9c-8cbd-31f754d2117c,25bd6bfd-f135-46aa-a903-5efc8a43b5c8
3d7256d6-2c52-433d-ac3a-2a1652a5fbd8,e1f07d44-27e6-4c40-81ee-c927c6de2ba0
d73ada8a-f517-4fa1-8c4d-b98f1d7fa093,52d8c17a-b8c4-4518-ac19-1b1eb85466de
d921a0d4-844e-423b-aa25-10f9143bf556,a7663f48-543f-40ce-979c-ef2305c62e73
0fb09a7b-aeac-4fa4-ba2c-a494a63d31a5,6a92907e-84d7-44c1-b4b5-bdca4838313f
e880864a-6c5c-428a-9a8f-91fc443753c8,2dc4c27d-d712-4196-a4dc-7067e14e78d0
9e41743c-b089-4d08-8365-33ff67a9d6e2,55147ce9-369b-4050-8fff-d651ff4431a3
d5916c39-9cc0-4006-8764-1f6f248ef946,0707a1e7-47cd-40f7-a87e-efde80d0c8ac
9294199b-b2e0-41b7-b1c6-cf68ab84d846,6ca2e63c-f989-4954-9c70-629e7f81d087
da2eb039-edae-4def-a1b5-6a1d751f96ac,b1b921fc-e26f-4495-84f8-c3dc941b1db2
353a8fd4-cbf0-49c5-ae5a-d38a52be9219,d673f8af-9340-472d-849d-b3c800c4027d
894c691a-bcb7-4dcb-b431-281a5dfb377f,50107194-4550-4930-acfb-dd2836129fa6
fd27d7f6-06ae-4e15-8d8b-6f9b3d42edf0,c08cbed0-8196-4333-9f35-a386c9101941
d78b08a3-ac10-4893-8f10-dd5126562855,5cbf6b37-fccd-4652-9ff3-95c4ad9a5f14
698a6606-c9c0-44c5-9701-5b5730153fa1,260a5311-4836-4149-8680-6b6e53c8205b
777b29a9-0064-4325-9c1a-335e7c329e06,df4f287b-b38c-483a-850b-1bcd3710b6cf
c59b3e04-75e4-4ef5-a032-e89e36dab780,539a7d30-4c6a-4baa-9cfa-37e4d6ce0e13
e2cbfb42-6205-4d75-9ede-58d76d5cf3ed,1b7c8696-62bd-4753-a9ea-5584f6ef5668
70e409a5-a808-4204-baca-4d2a0d56506f,b2475c1a-4931-4590-9724-904405e99941
8fcc6228-0c22-4014-b09b-927eae7a56cd,b8c38e4e-a58f-4158-8011-efdb5f053206
d2e5c91a-f3a5-49fa-ba92-784653ab129e,82219d2c-6b9e-4ba6-aef2-1a0669c03829
2d4b098f-3d83-42fb-afcd-c2de36b55006,7c0126e8-6ddd-4887-8f74-3b49104e0493
9c3b6622-d1e1-457f-ad51-baf9cf4e281e,a036ab14-d966-4f64-b2c9-b37c13fff964
3c6b9a7d-ccf7-4195-8074-e56ac55da936,adeac734-bfd5-41a4-8787-95a974eadc4b
0ea69ed2-5541-4d28-9cf0-f257bba453c8,b7d7df37-328b-42e5-a944-124c13b84b06
9c845d8f-5e7b-40cb-b266-6d9fda877cf6,fc65189e-a89b-408a-8693-a99fbc624382
64b5622d-d81d-4787-a4c6-f54a8bb99ebe,24dbad1f-37b6-4e0a-8f8d-3d6033a896f2
45aca302-9f17-4595-8f56-1106c7001d1a,4ef09f4d-f3b5-4969-88fc-5f3530eb1c48
9c845d8f-5e7b-40cb-b266-6d9fda877cf6,7228f480-1f25-4986-8878-7d4be5acbe41
92b4ec5f-6ee4-4501-a96e-9e0bc08ab935,ceba5243-5075-4baf-bf0e-8a3597b35ee2
98f930e3-e3db-4e31-af1b-2cd850d41f4c,e839ffe3-a9bc-4590-934d-ba71b9b7b671
d626d19a-be99-4258-823e-cef980d71171,8435eaab-2385-457d-aff6-32fd9276a1fa
ea2d6e6a-4100-4c44-a8e1-294c33a5ae06,708ec62a-c3ff-4f5f-91bb-a681da140bb3
56c9bded-0e9b-4b68-8c5a-869f8bd02021,07d37561-858c-40c3-8f2a-ae9080de4f82
71b86853-0f78-413d-937e-2a3b61512e42,64e971a3-8565-4630-9b6d-45a90bfae16a
38a248b0-5bd4-480e-ae97-bd5229a79c3b,5c225cad-c0a8-4a15-ac8e-8f1f3ea9f83d
249fdfab-ea08-4365-90a8-9db18d504520,5916dd8c-a9ee-42ee-8c15-6cc4d876066b
5d26ee65-f2f7-4555-9d66-a9a0589b13b8,a8d713f5-8910-40e5-a288-077b8a51d97c
6829c6ac-6cc9-40d9-967d-d0ff4a161b06,0ee82797-42cb-427a-82b8-bab96527219c
aad9ee6e-49f3-4d54-b428-201fe8da0ce3,95abb545-b13a-4246-b71c-518446513e00
f021a6be-65f1-4d61-9615-017010ee7945,5519f573-e6db-4a0f-a528-c2b58322a115
cb94497e-9147-4b6c-9899-ae72c78a6ffa,e3e3f5ef-c479-4160-bb7d-4273bcf848f4
c6a56ce5-3d96-48ce-ac3c-02ea1d678bd1,fb9d64cd-c56e-4f53-a3b0-f35497bf3bd8
9b0e8aed-9109-4cee-b66d-82ee913b5bbb,d9b1bf28-c1fd-44d8-a60d-21254d309d31
7099a016-15ee-47f1-8f58-93fd57434a32,d42fa228-2017-4c36-84a2-f633d2bb721d
de4cdf15-07f0-419d-b4d3-5adc442296fb,495ef52c-16cd-4090-8e56-448989e9b0ce
d47a206c-358a-4019-a949-36fb306b3e77,c3342fb2-9db3-4a67-812e-cc6bedf8132f
6063fbf8-9e7c-45a2-91c9-548c611c8af8,30095177-4ae0-47fc-b449-a93c98d790e9
08018222-558f-48bb-ba17-572780313477,97bb24b2-d16f-4445-8d14-ef9c27b9e5cd
25bb1a44-8e7c-4f35-b8f0-278641b1c9ad,6bae41a8-9682-470f-9258-87d530f17a93
caa07ddd-bb7b-4d5d-a6d2-b5835f3002e7,6ede6c47-d7ba-4dd0-b8b4-671fdb2097ca
fc2b08bc-2a71-4ab0-a058-4b6c881a076c,bb86b7f5-076c-452f-a859-61013a3d1579
7f0cef90-fa1f-4dfc-97db-02816fc7afff,3440c835-ecce-424e-8a87-58a0326b7f5d
acccbe31-d576-4883-bdc2-1bde52b99415,3ee16c19-feda-493f-ba39-dc38bb812d5e
28f7de27-aae9-4385-8fab-345b70245e82,027e1116-8a8c-42a2-b66d-785ae517ce24
5d26ee65-f2f7-4555-9d66-a9a0589b13b8,fc0ca273-fa1f-4379-be4d-27a240fecabd
7099a016-15ee-47f1-8f58-93fd57434a32,b13bbc52-2adb-4e9e-87a8-ba4d4d94539d
5c948bd8-ad9f-41d0-b110-4b9ebe95721a,7784d299-a53d-40fc-9a2d-a5f076e5ea54
a1d7f868-db59-48bb-8344-394275dfe042,8571c8cc-142a-4f8b-a606-4c23780e0807
411dee13-1055-4ef0-9b00-a45d794c5c40,383cb4b1-f6b0-4c9c-8f74-5a261b61d1cf
f509669c-b4a7-45c5-93ba-918450d3d32b,d28df0d6-5c3d-44fb-8367-478cdb8482b8
249fdfab-ea08-4365-90a8-9db18d504520,27ac9fbe-1345-4ebe-8127-d23f82f7da07
9b522806-9099-4084-b032-a57168da1443,299e85e1-5916-4d1e-b61a-51e2fc24732f
d0b65938-bc97-43ff-8ed0-927ebaace600,28d48d12-042e-4051-a44a-b91da316b8de
ada78723-1112-4919-9501-d0408b414e21,b9825f34-ae3d-4976-ad31-4550fa8f35d5
2271e221-1d2b-49ce-bc69-8154844ff898,677c08a3-86af-4d20-a181-73d35cf872ae
d618adf3-63f7-4452-997d-83d8cba1d2af,948ed51c-a2ec-433e-b607-8847d33e0d30
d69411cd-58ef-40b3-b3c4-13e18770c64a,f784d358-ee54-4c59-9b6f-7ca0a5a965ad
75fe43da-1964-4c46-9806-c6a340c4be6b,c5625344-007e-451b-ad9a-6ca33e6ab887
e58e5d6c-3928-499c-8388-27dbc7dca57a,5a721f91-04e7-43d5-93f1-f68e0a149fd8
a964ad31-4080-4a48-a7ec-2e6c49a50d16,ab739afd-430e-4efd-bb03-90f151e8c640
a74e2c2b-7eb5-4bb6-b9ba-e17b2366f99e,dc021d08-be46-4271-afb7-98ec8bf1bc79
ee4844c9-69b2-4218-9220-744fba4a483f,8ae61088-da6a-48e8-ba7d-05d026c181e5
6e3b8ff0-9957-4de1-814a-10f088712a00,365b79da-1da2-4709-b621-568e7ce83a4a
aa6fe19b-2ce7-4454-923d-b4fa9e71056d,f6ab42b3-e87d-4585-a367-d2ed70c83cb0
df170594-05a2-4031-87f1-c6c82f6bb505,8ec5753e-33f6-49ea-819f-d48ebf039b81
acb7f808-7347-455c-8e84-849f54c80dd4,122d2ff4-1246-48df-9002-bdf954b3b09c
73686409-9464-4a27-87ba-5889b83a1fc8,c4e430b6-8235-4ad9-b6c2-3a7597a3b56a
b9099eb6-c056-4d9c-8ab8-994a54f322df,d3baf6b4-f084-4c3a-81b9-910182843711
da9ba4b7-817d-491a-82b3-52e5f32abd16,5742aa29-161a-49c6-98de-6e3efc5135b8
b7ecf4b1-f8d7-44bf-a6c8-698ce9ea7378,db953465-cba9-4131-be3d-bbf32e12431a
acb7f808-7347-455c-8e84-849f54c80dd4,ebe1dc65-dbd3-4e8b-8501-4b41953234c1
870d6077-3915-49e1-84e7-b8ca696d0fd1,9adbf610-340a-4d6e-b0fb-bce42b4a135e
b14c1f2f-c995-4b94-8b0d-a064743cfb4d,80389f1c-9384-4fb4-9043-b60f545507c8
64b5622d-d81d-4787-a4c6-f54a8bb99ebe,9904169f-16d7-4b3c-bcd6-f08ad4c11a4e
16a9092b-e4a7-460e-bb6c-2354f81a261e,9fe5d469-b63c-4d93-a38b-163c24b80097
e9412aae-49ef-4b94-8aa1-094e8d1a707e,400b27fc-d3de-4437-b21d-d6f565d589d5
f7924c0e-ef8e-4768-94c6-abac44bc448e,fdc2792d-9791-4f4e-921c-cda6b9f53ed6
0fe4e17f-efba-4a27-b6fd-e5a3116ea933,19dd3b96-a629-41a7-8cb2-1f54310418ef
c078cb36-a188-46d0-b9cd-498cef95fc8b,4212b28d-905a-42f2-bcf6-eb5fb637b8bd
8fcc6228-0c22-4014-b09b-927eae7a56cd,e3475b06-8253-44de-90a0-e63d008b0a8b
46667c02-0aac-416a-830b-39ecd16e99ed,dfddcf24-c599-4d29-b71d-d184c97559fc
4b904d46-c467-49a1-990d-31ed5cbfc621,104ea916-5035-4d1c-a54c-ef8c1f7282bb
caa07ddd-bb7b-4d5d-a6d2-b5835f3002e7,eb468d49-3984-418d-ae72-d88ad86eb106
db46d966-5846-45f3-998a-88665a43e9bd,09f273b8-50c5-478b-9bec-11907bfd1035
e0d1a8a2-99a8-4d5b-8d37-e0f0ec5de880,dc6e2d7e-8d8b-4f5a-a7a4-76c393834eb9
6499d24c-9b23-4676-a8a7-ca9c3437ed9d,0fac5403-5d8b-4a82-ae94-33c249a1fdd0
17e5583a-60eb-4795-9e88-9c7db70e6124,c4df6874-df36-468e-be88-c006b7960ae2
697002f9-819f-47a3-a3f0-3025fd6b3468,683186b4-14c3-408c-8d47-ab8fe0b62b0c
98f930e3-e3db-4e31-af1b-2cd850d41f4c,285a1582-d8ef-4683-90b6-1a665b3c40a2
cfd5d189-18a6-455e-b4d4-4440832d3633,01cc9110-2ade-45f6-9aca-03e3c8f0d3dd
0bfa8dbb-3fac-4169-b064-f4256ddf7964,b5758c1b-685a-4bbe-8625-001099315f8f
a964ad31-4080-4a48-a7ec-2e6c49a50d16,6a476394-11ac-4e59-8b58-7114f9be71c6
d44d12ff-2e7e-4cee-a4f2-bfbc2c77f89c,c456d6d3-c16b-40a4-8044-831eb4a033cc
5ebe7990-3876-4bb6-92f4-60e04d799432,6bf473ef-89f0-450b-8e77-e4be60d1aea1
3be4c70b-f95c-42d4-a5f1-4f2c83198e8b,786fc9a1-9978-4877-886e-f88d8e5b7353
27237090-a2e0-4c89-bb2a-b6b0f2aadb39,0142bca1-a544-43f2-b150-51ee8d0d1736
391ffe66-5270-4411-b12a-564e2877803e,89584d95-58a3-40c3-bfef-9724ce2946ab
cd2d91b4-1d01-470c-8b51-20cb06572a6a,c6469cdb-7f8f-44fb-951b-ed12cfc01c0d
dfcde2c5-7c38-4bc5-96a6-7595caf8c5b0,68340d36-b933-4588-a97e-e9e49b20bcd3
db1133bc-bfe1-40bb-92e8-be9a9c1e045d,d4ac7be9-82cb-4f52-886f-1745fc3dc6a0
04c58ade-8e36-4b0e-8713-7ee62a9bfb36,034476be-8193-41db-81ec-5801dccd4af4
6526f886-34f3-417a-ab71-7326a353b157,09129e12-9c94-490c-92b3-a9ad6d5da61c
e67ebd98-78e1-431a-bf66-949d45e7c02b,d4b4996f-7387-40b9-9170-fb49ecb1f161
4304977e-45cb-4ce1-ae66-72c9f0949a3c,7d48e4fa-55f3-428e-ace6-833248d00ed7
63b0f24b-5b6f-43d6-8a94-c3ee2e834b17,269441eb-04dc-4833-8efc-f9c21b563b57
63ca8335-4a67-4855-8624-9174b010de62,4685eaec-265a-4496-831c-9369f21685b6
15143157-b2b2-48dc-89c0-3767a35aa6b4,a7590888-bd77-4009-a585-9fc799eb8541
043171b6-b9a6-44f9-8048-9c89a26a1071,f456f3f4-f2b4-4d29-9d9c-b94c4ec35c29
e26ea356-2ea2-442c-a1fc-aa0691be8117,c8d36b00-5f09-46e5-9fa2-0db148804002
e104b643-acff-45a8-91d9-4b7960d327fa,68c605f9-ee26-45e6-a79d-284a1d244e8f
2a0572cd-f0bf-45f1-abe5-8fb3038b7e76,bf1c40c1-22a6-49f8-b1a8-57b5468a36a4
10332d26-f326-4e84-9c06-ca018109708f,25f6859f-a4b9-4938-b3af-a2e9b9c9ef73
25bb1a44-8e7c-4f35-b8f0-278641b1c9ad,63ce6c88-dd60-4eff-af95-2f2b87e51b54
d9c01737-9eb4-42ff-8b3c-33ec843fd256,46e3f373-1177-440f-91f9-1310067498a4
4685857c-0200-46fe-bfcb-4b846a5cd273,e24b66f0-53ac-448b-8e78-b0e34efe4fe9
06b1e195-6588-475e-87a5-225ad3cdd82c,443b2959-8d19-4266-85c5-816011e2119f
bdfc35f2-7d4c-445a-ae93-f7eda6865443,465fae52-3c30-40d1-8ff2-57f7319f20c4
eb442861-b163-47f5-b90d-ec7acfcecb16,5dee7e45-f215-4baf-9fc7-424ed75ba7bf
cb1416ba-6b1a-44dc-a476-e0e55ef3030a,afbfe469-5067-42bc-b4bb-1ccf2a8a0b96
befad07c-8ef2-44ad-9186-c852e120017c,f3a300a6-4a76-4b70-be1f-1febe14810be
96638560-1049-4229-bd87-9f3a99788479,4d848838-666b-40d1-9136-7375a9707368
7bce62ac-44b0-418d-adbd-c5dfc97e5fc1,4bc98647-94ab-42fe-a65e-26028e39acb2
5d1b4a99-8e39-4a60-b0e5-7412f68f72dc,a1311de9-7f71-4f4f-a483-4567b4b0fdaa
deac02b3-484a-409d-b4ab-286cfea3207f,bf4737e6-239e-42b5-8fee-bdc576f3c3ac
9d783bc9-4cab-4a19-93e1-fe04bf4c84b6,53e8c1a9-733d-4f79-be03-6c6208b01cb3
6daeab67-6d2e-4d4c-9fea-67b0f66ccbdc,0fa3a43e-5dc2-455e-8cc5-0304d6a6a6ad
17e5583a-60eb-4795-9e88-9c7db70e6124,4f72b5e8-f4fe-4647-9ec2-9a91c9f77a1e
c79e84de-b8b3-4bed-9d7e-7c5ee798f5ac,87d5db3c-d2c2-44e3-8083-b1bb5e01935a
3c587c62-c3b9-4733-a3f0-d4d00dfc903a,3c1a3242-cd4d-4826-a620-27abfbcf9389
697002f9-819f-47a3-a3f0-3025fd6b3468,6617726b-d862-4550-956e-703c1655945e
6063fbf8-9e7c-45a2-91c9-548c611c8af8,af34a33a-3af5-482e-ab66-794cfd69f08c
4765ab45-e093-4899-831a-30d4a868ba02,0625589e-8f21-425f-88df-aaa19731bcfc
e16d6863-374b-459f-9a97-9ca768712c86,ad071028-66ad-42e4-a307-ad1709634573
1d05d59f-14d2-4bf8-9653-54803c2d227f,528ff313-6e6f-4601-8eea-43f25f5de55e
dbe4f9a8-e229-43c7-be9f-6a4607ea11c7,4a026daa-7ab3-4e8f-8cf3-0f5eacf0fb7c
2aea1624-665b-4148-b353-c11663d918f1,c1aecd6e-abb0-403c-b890-f9536bf5ba8b
3fcb7b92-dd43-40c7-b6d9-29240c93e314,b3f4b00c-561a-4e42-82ea-5429a848b959
77236246-d7c5-4a5f-b3a9-d36167437808,6b4b30da-7e33-4a0e-9c49-e8a2098390fb
03f16518-d32c-4ceb-903f-39c684d727d0,6177397e-a4ce-4454-b9ef-68d1d8207ce0
69255df9-7863-4906-9a45-4585a0c8c769,6a37235f-eb4f-488b-a59b-715dd0b4703a
88e0f8da-e388-40e2-8782-720a837b818b,b35b7533-dc06-43eb-9ef7-b68a20cd63e4
f9ef7114-3701-4b25-bfb8-d53f47396d75,f8b96706-cd5b-420f-a04b-15aa2f4f2958
6357f028-7ade-4839-9840-2bf047a781a2,ac1f0059-8a1a-4141-b61e-dc0a6201c765
8e6fca4d-178f-4811-a7b9-0a5a63ff306d,d3965f0f-d93e-4460-afd1-3b31d54530a7
bd9f46e2-dfb3-4020-b0bc-3c97002cbf27,8285980b-29aa-40a6-a256-e4fd626cb1fe
0a032964-98b9-4edd-97db-3c5191e989f8,72d97e01-7b0a-4ed1-9a30-9c6979ccfe6b
0ea69ed2-5541-4d28-9cf0-f257bba453c8,73f040db-f3d3-48b9-9389-9a55089f2a20
706b99c5-6252-4442-86ed-7a832cf10ea1,6129f5a2-781e-4e0c-b2f1-934b3267d394
9213dba7-1f82-4807-a4c5-0488c9da4448,6b1d9fff-1227-4037-a566-a76043b2d888
039f7444-7ea9-415f-987b-862ce6661703,62d5657a-dde9-472c-94a2-c744e24cb7e4
595320f7-7d35-45fa-8dca-eba44a58abf9,47523224-3328-484b-b83a-42002901eaf0
db46d966-5846-45f3-998a-88665a43e9bd,671f147a-d3ff-4f8b-b1e7-2628ae9e1a56
96638560-1049-4229-bd87-9f3a99788479,18b73606-38e8-473d-b197-607be35342fc
f3817c68-086f-421b-b02d-daa401217629,58915d6c-f677-4197-8a96-fd09eef7e30d
2a0572cd-f0bf-45f1-abe5-8fb3038b7e76,e0e5189a-6303-4a2e-bbba-ba75cd84ade9
acb7f808-7347-455c-8e84-849f54c80dd4,18a572bf-9102-4a4c-aaea-a6029821ef4e
dd34c53e-9ec8-40a7-9347-e94d637c5e73,572331b5-cd5a-4fee-ae23-66aa7a64f4fc
c332f0c8-71c8-4fd2-8750-e69cb532e0fa,e4c17a26-0dea-4914-b43d-bd6f55df64dc
6829c6ac-6cc9-40d9-967d-d0ff4a161b06,5f3b7859-d0f8-4378-9fbd-66096e522bd4
fe009d48-a980-4ebc-b214-5c7e903cd82b,9de08874-add4-4766-87e8-2001b5c3ffae
30e90be4-449a-4e96-b8c9-b3ca226919ad,714607bf-15cc-48da-b6c7-a1569f13c418
31b76b2d-2173-4f41-9b0e-0a557b7326b7,357e68d4-51b4-4e32-98bd-ff8168e0d8af
906d0c4c-fe8d-4fc5-9883-92cf591e3e28,589666b9-12f5-413e-8812-de8b08e0e159
ff05e9d3-52e8-4044-bb4f-9ea9d0fb6833,9fcd1666-80cf-4d75-be2d-0d56d180420d
f9649c90-f5dc-4ff9-99ba-87f40fc58a1d,66e62a8a-0011-4d56-b1dd-6f0052b2f839
3c587c62-c3b9-4733-a3f0-d4d00dfc903a,b01453a7-9cff-49af-99d9-6a3593990be7
b5977fb6-ece5-4c84-bdea-394c535c41da,ef118c98-398f-4aba-9ffb-739bb3742383
c9995ec4-8ba3-46b3-8809-3dadde0550f2,4a7193c2-ee89-4f09-8727-70bae6b23b01
cb1416ba-6b1a-44dc-a476-e0e55ef3030a,101fa3b8-5c61-4d5a-8ea4-fd96e48dc308
69a0c0eb-220e-443b-baa3-faebec7a4ee7,8fbbcdae-e25b-4c18-b288-b95d5c8148be
f2506998-cbd9-44bc-9733-ad4f01e815a9,f4360973-6213-4671-b222-9d0f1c279a8d
3c6b9a7d-ccf7-4195-8074-e56ac55da936,64963e05-17de-4594-ac6a-d8280c58ce05
f7a40060-7666-4e43-8ce0-f78aeb121f4c,0095d955-2259-4e45-9c7c-f0af73658abe
31dbcaa6-7f3b-4f55-b7c5-51031e01821b,5eb6574d-a0ce-4d66-bd41-f62f4acd2a28
f56f4554-7040-4909-b4cd-6388dff3b189,73d2b509-f06b-4149-a7d8-9be5eba79a5b
64b5622d-d81d-4787-a4c6-f54a8bb99ebe,6613cd9c-6b8d-4254-bb5f-1a93def219a4
635297a0-1eec-4e9c-8cbd-31f754d2117c,33e2588b-c797-4d9d-af62-c3a4386402e8
0213170f-5c1f-4fff-a8c1-7a4bc125635e,ab132d95-5517-4abb-9706-bbfda0b1b388
068c2e62-b2ba-4907-8926-80725d62d1a0,c76a8520-e6b9-4b40-9db8-e5e7152d2cf1
a4e1cfe0-159a-4cda-ac1c-f89592818437,b0ccc033-fc72-4088-898a-8d30625fb718
906d0c4c-fe8d-4fc5-9883-92cf591e3e28,b6f59603-32d8-40f1-a2f3-a3b5d3a428aa
b1f8583f-c00f-4267-95d8-ce4788a2924a,1075522e-99d2-440b-ac1c-63696531163e
e4371ec2-e64a-432c-94cb-eb836e984388,e3643894-11c1-4e36-b751-884bb0ae888e
b209ee2c-b373-49c7-88a0-e1342f2d15de,8567fca5-ca34-4dd1-9811-438b4cef2bb5
7d9fdede-a561-4241-a240-a0ce2be90994,2a7b2ab7-b63b-43f9-baee-cf18b28a493d
5876a03d-a065-422f-9b7f-62a88f09d672,38f64f6b-e258-4109-a07b-c7d841fadc5b
eb98c7e4-8aee-42bd-a621-36d266cac1da,49cec06f-0aeb-4f33-a9a4-c9e9786a84e5
8fcc6228-0c22-4014-b09b-927eae7a56cd,c4a46e25-b605-41be-bcc0-be08d586cae4
4d26e09d-6224-45dd-a9ca-55f31a4a5b96,0a23a8ab-a4ad-45c3-878a-e11d0dac7c27
8ea60059-ea5d-4916-b7fd-b9a55c59180f,20f631e3-edf5-440c-ac9d-deaeb7a985f2
d2e9b571-0ac1-4837-bbe4-eff7bececa5f,bdeb278f-20a3-4a3b-8301-77b7c67f9cb4
aad9ee6e-49f3-4d54-b428-201fe8da0ce3,3f2d21d6-3c7e-4f66-b2c5-070cf27b9833
cfd5d189-18a6-455e-b4d4-4440832d3633,8b71d33a-e905-4b75-ad54-31601076abb6
bc564b43-ae1e-49f1-85fe-e8a74cb8b819,f0b01160-2b2f-4a7b-b07e-e7ada9c4b770
e4371ec2-e64a-432c-94cb-eb836e984388,5fdada3e-0c97-43a0-ba33-11cf1287062d
88262a0a-829b-4595-b709-e8bf1798d1ac,85fcdcb8-7d9e-4bea-a2e2-f822745a829e
d46cb6e6-2ca7-4228-83dc-a7ad367db085,aba680d1-5773-4c13-916b-7d6cb8b8fae1
dbaf6c3b-112a-4b94-b506-7eacf7c9a457,635559e1-75ff-428f-9edd-44ff744b926d
bdc5f2b8-0e3b-42f4-82d7-57e09acafcbf,96799154-80e2-4ffa-8d9b-380c0cfb81cc
b9a086d1-8a8b-4e48-ac38-543eed743d34,f80ce95f-c4a6-4a52-a6b6-8e7cab61c6a4
8ec05470-9863-4e09-82a0-f1cfb40858f0,b0443238-7240-41af-92d6-8b9c6f5fd227
acccbe31-d576-4883-bdc2-1bde52b99415,c4151d75-0459-4b60-926b-a745875176d5
11a5a726-84e3-4bbd-823b-61dc2f594227,2c6a80e6-7396-41ea-a136-40362200d63f
7bce62ac-44b0-418d-adbd-c5dfc97e5fc1,42dd3416-e566-4946-87c0-ef7318eb8ebf
e5457ee4-945a-4037-a969-e118a8cd2af0,b6a35892-e068-4ca0-bd66-6c1f5c4ddb91
f7ddc4fa-be50-4d97-a411-a90254ab99f1,b8fbd1a8-a679-41fa-b8a6-ec46ce7e5a37
3c587c62-c3b9-4733-a3f0-d4d00dfc903a,590223b4-7061-4eaf-8d5b-51833ba99d47
6dfccaf5-48b6-4aad-a137-2421c4561f31,ed60f023-b979-4b88-b27e-3fde4f01eb68
a964ad31-4080-4a48-a7ec-2e6c49a50d16,48e09e38-af52-447d-bbda-435c5ef7cf51
9b522806-9099-4084-b032-a57168da1443,a31866cf-63af-46d4-942c-7e2962d11801
318a9086-f362-4de5-92fd-dac02b69e08e,347a1a39-dda4-4aae-9b36-a13dcdfa9db3
279e807a-8fdf-42d7-9f5e-30b3ea11d70b,613a177b-5cef-41f5-8b90-a7243ae1fa1d
a3e58e9e-3c04-45d1-9a29-df6cfcdb99ce,a4300c72-b6fc-4853-a6d0-6a5fe4db7d37
8e6fca4d-178f-4811-a7b9-0a5a63ff306d,ab9c8537-d492-4ba0-8ca9-ff6b01dde359
bb7226e8-9d99-4065-bafc-7e09c03c9e65,c74ce239-f093-4b15-8c96-d841141c966e
13850306-87b3-49f8-8655-6f3b999802f2,f9e911b2-f8c5-42ec-8520-44c268ef17dd
45aca302-9f17-4595-8f56-1106c7001d1a,f5ad174f-b5de-4052-9ceb-9e2aa44dd781
9b0e8aed-9109-4cee-b66d-82ee913b5bbb,1df02d76-031f-4cba-8648-8f8b44237290
ee7a7c2e-b233-4dfd-bf36-26d835aa2bd1,fa245d74-ead9-4cf2-815d-571b2ebad172
64a7e0f7-09af-45f0-a616-1fc349c0a5e7,c30f8455-debb-400c-93e2-d2a4667e6a0c
d9c01737-9eb4-42ff-8b3c-33ec843fd256,1f44912e-60c0-452d-be0b-507498ae841b
e82dfacd-63c9-4e02-be89-64d0325cebf4,ec1bff46-0668-418f-a298-ab5bce5036b9
8ec05470-9863-4e09-82a0-f1cfb40858f0,31bf7c53-b2cb-4640-adbe-ec2bd02b9d62
e26ea356-2ea2-442c-a1fc-aa0691be8117,1538f2a7-b55c-4bc0-b71b-8aa647a0a082
d47a206c-358a-4019-a949-36fb306b3e77,43a48c3d-eed6-49e9-b698-b68d3aaff0ec
8ff30105-bf96-44f8-9cf9-9915f02722ca,a6822df2-ab80-44e3-91d2-f88e3167181c
dbaf6c3b-112a-4b94-b506-7eacf7c9a457,3344aa3a-ea69-4c39-bc16-8a71686633b2
c8d37fdb-e49a-436e-9adb-c52784220ff1,88f9884e-4c30-4725-a4f6-054f232d383c
475b7053-9a7c-458b-a37d-4f7e90f13027,10141010-cec7-47ea-9137-0646ff6f5059
acccbe31-d576-4883-bdc2-1bde52b99415,97250079-3a38-4e73-a221-47184390521c
039f7444-7ea9-415f-987b-862ce6661703,fde3def1-faca-4431-b0bf-1f6a6b8ab220
31dbcaa6-7f3b-4f55-b7c5-51031e01821b,6f0900d3-e608-4f04-945b-77593975f595
66259700-4cbe-4e23-8f3b-5acd39dd046f,95cb77bf-b16c-4803-8d44-9a6209644615
559ff141-c943-4de4-94a5-5f49a5991481,f18ef2d0-6390-491d-8b2d-5cd88a0cb469
cfd5d189-18a6-455e-b4d4-4440832d3633,c73c0d07-2d15-4cb3-9637-007f86dc08cd
9b0e8aed-9109-4cee-b66d-82ee913b5bbb,c5656eed-86de-4e50-8d3e-0c7992f853fd
71a95a12-21ca-4cf5-b244-7014e76ae21a,96af16ba-dce3-4edd-87c9-a9b1dd4b8133
71b86853-0f78-413d-937e-2a3b61512e42,95e9e805-fdc4-4b0b-93e4-78d50125960b
c6a56ce5-3d96-48ce-ac3c-02ea1d678bd1,7376f2a2-176c-4d4f-a171-9bb1e2a713b1
dbe4f9a8-e229-43c7-be9f-6a4607ea11c7,f35e9eaa-cbe8-4877-8f13-3ce36e2d0826
64b5622d-d81d-4787-a4c6-f54a8bb99ebe,7b260848-dd3e-4aa7-8e36-1509f7926b80
703411f8-b8bf-45fe-983c-1d73c425623b,10b53ccb-b10c-4359-b1f5-b722e455f0b3
f021a6be-65f1-4d61-9615-017010ee7945,da6277c7-b6d3-40cb-99c0-3282c62369e3
0ee7e5ff-c8c1-4eb4-b15e-b58f21b31370,26ab51c6-f2d2-4d3b-bb5f-bcb03dd536d3
a9e9877b-b68d-44cd-b780-9d7cd733ae18,08f6eff9-d4b6-4e38-90ea-d30dbb6d0e4c
71b86853-0f78-413d-937e-2a3b61512e42,f297cc75-3012-49be-8231-075e522a5606
f174b044-19dc-4468-8c4b-bc4ee041ff88,84fa78a6-5de3-49ae-a1da-529d3da31e13
dd7c4c2f-76b3-4021-a629-5e019053af36,de18909d-5c4c-4ec4-ab77-791e4fced5de
6daeab67-6d2e-4d4c-9fea-67b0f66ccbdc,9abd0604-0a9b-41ab-b582-0846b681207e
9c546526-9620-4b18-af42-e4349ee09ab0,e4f0706d-70ed-4a96-a72c-0a4da8625457
a1d7f868-db59-48bb-8344-394275dfe042,3fd3fd59-de4c-4c16-8315-9d945b3039b3
043171b6-b9a6-44f9-8048-9c89a26a1071,6bbf6758-178a-40c8-b4f0-be987bd3d217
cbb7957a-5b67-40b5-9814-a3dd89b6b351,9a6392f5-34fd-40cf-891a-ca9ce2242102
96bcdc69-b362-4014-b10d-15f2d08d480a,c4ff97f0-cae3-4635-a843-2f9117f3781b
31dbcaa6-7f3b-4f55-b7c5-51031e01821b,fc06a857-7dc5-4953-aa12-63ea7e387639
283beb58-5e39-4273-9c3b-ec215396c8df,db2bdebf-5664-4602-947c-11c0d503f011
f24c4796-385f-41a1-af2d-15d66b2a16b2,d2254faa-296d-4453-aead-85ee6956625a
d47a206c-358a-4019-a949-36fb306b3e77,5a6d423d-dbca-48e5-92cd-15a6ad938d68
e8403afb-42c3-45eb-a854-f9dd8dc3eccc,bea07c99-3130-4b07-b31e-071f2efa27d7
7015823e-f877-40b4-abbe-583da8b40b06,ab481dae-fb12-480c-bde1-feea5f1f704c
469034c8-6be6-4110-9a73-2132ebe1836e,f3c788f1-d895-415f-a0fb-ec2243d7f993
c59b3e04-75e4-4ef5-a032-e89e36dab780,d2a1f236-2dc0-47ce-ad51-5341a4c209f7
940d3335-7591-46fb-9680-98a3ef515ea4,36e8c128-fe2a-48b3-9ceb-ea13ba1ab4cd
b1f8583f-c00f-4267-95d8-ce4788a2924a,7f8f82a2-8c4d-406b-bfc5-799b78499eb9
4b904d46-c467-49a1-990d-31ed5cbfc621,29d7ec2f-e893-4452-97b5-5ff5ce6379eb
5e073cef-b70f-46cc-834b-3a655dd3e251,2f2a19cd-c39b-4f2b-a216-4d4108fe0944
043171b6-b9a6-44f9-8048-9c89a26a1071,a683a13c-2c82-4181-ab5f-897ded8211e3
25bb1a44-8e7c-4f35-b8f0-278641b1c9ad,326fab27-a246-44ba-8a7f-f2e4097eccc8
f0f08b04-3a88-49a7-8b87-d7dc087fab20,8e861cb9-fc9f-434b-8599-dfe418c6e467
f174b044-19dc-4468-8c4b-bc4ee041ff88,77ef0c8f-8ad5-4e2e-b5bb-29a5a1919ad9
dfcde2c5-7c38-4bc5-96a6-7595caf8c5b0,2d776b58-f702-4b44-9c06-a92c78214280
546dfdc9-44d8-49f3-b0cb-af90f2dd387f,8f50365b-95ac-4c9f-848a-4f311822c96a
5d1b4a99-8e39-4a60-b0e5-7412f68f72dc,892359b2-17d9-44a3-a5cc-d1a7f2da1e9d
8d5a9021-5948-48eb-b299-96d24364871a,2397d0ae-a9ef-4b13-9b64-f0476d53c43a
25bb1a44-8e7c-4f35-b8f0-278641b1c9ad,5f18bd95-00b9-4e42-9ad1-0e5ca49da800
4ae47689-08b2-41e1-8a78-6944a1634aa5,a4ff86af-3134-4804-be8a-d4b198d9ae34
ce052a3a-f2ac-48d1-bee6-65bc4cf1add4,ccbe6c92-9f4d-4572-9f6f-3b9224004c04
ce052a3a-f2ac-48d1-bee6-65bc4cf1add4,7996c908-9f2e-4440-befb-258c0cf8375f
76d18051-4e95-4cdf-83cc-eae029e8d633,8c3a972a-de9a-4774-b021-0788031ef9a0
249fdfab-ea08-4365-90a8-9db18d504520,ef033089-9f8f-410c-a95c-3700353d9494
bc564b43-ae1e-49f1-85fe-e8a74cb8b819,2cff7552-d99c-459c-bac2-bc840882e578
85a509c3-4759-499f-b7bc-aa243e27c812,28485f6a-9e65-49e3-b098-99656cd09552
66259700-4cbe-4e23-8f3b-5acd39dd046f,1428717d-f99a-4fc2-ac03-3e0322c99ed3
52c0bcc9-118d-448a-a24e-46e691d6446f,e4b85837-585a-4916-8dce-8408fc6e2833
2983ad7c-0f7f-4053-840b-626e5db8d595,ad91e5b3-00a6-4751-a269-36593b74b361
1110b7c3-578d-48be-9232-89f95737807f,d5f52636-2eaf-477d-af4b-94804cea4221
d626d19a-be99-4258-823e-cef980d71171,167dcc76-0405-48df-8c21-6aaccc447fc7
f021a6be-65f1-4d61-9615-017010ee7945,f3bc420a-8ff5-4a41-8a11-ce8f98c0ea77
eb4eb272-2b7c-419f-a492-897285daa737,7a48ac0e-b2ed-487d-a0ff-8b457938dd48
42c80e3b-d8eb-48b5-98b3-2db5cb119fd4,e224144b-5d62-4f2f-a059-3709583d57d4
c79e84de-b8b3-4bed-9d7e-7c5ee798f5ac,45751eb1-671b-49c5-9c24-3bd14a2e76c4
69f83380-30a4-42a9-8a54-3f7659b6630c,c8fac12a-b5bf-473c-8f48-06d237af46f7
c078cb36-a188-46d0-b9cd-498cef95fc8b,9a31b1d4-b8aa-4959-a234-adcb1497e446
9b0e8aed-9109-4cee-b66d-82ee913b5bbb,4e11de7f-e28c-4293-9af9-0f9b4170de38
3291a502-bbca-4642-bc2c-20265eccde06,68da2c05-6552-4a50-807a-630675758dd6
ada78723-1112-4919-9501-d0408b414e21,69b38ea0-b0d3-459d-9cd4-d76d723cdec4
043171b6-b9a6-44f9-8048-9c89a26a1071,8f75fcfe-347b-454e-b701-25611a48b267
b1aca9ba-401d-4a72-bb55-ea472a341cb9,9bc7b0d5-fe01-44ab-9ce9-7dff4d427f18
0bfa8dbb-3fac-4169-b064-f4256ddf7964,f7e2d0aa-ed34-410b-a43d-028f804cf583
f9649c90-f5dc-4ff9-99ba-87f40fc58a1d,7a097a8a-75c6-48e1-8062-27b02a9a6f1c
21d0ac1b-c55f-4cde-bab5-42da2fac7d32,eb4cd6ae-6c91-49b4-a8e5-1caacdd8f592
a988cb3c-4ba8-4297-b775-0bc569c94f45,f967f977-f879-40e6-aeb9-880e1279906d
dd34975d-1283-4a51-bd36-36210f820b37,0c035fd0-230c-497a-ac8a-9e1786005761
c1021345-5649-46ed-95c9-b04717b20b8d,17d194ff-2928-4cfb-bd09-31a8b36f738f
f6874190-9b0e-4ff8-92c0-48b8d5e2ad77,71e9b0dd-8892-4c21-858c-1893637d0c3c
da9ba4b7-817d-491a-82b3-52e5f32abd16,d34a7e55-3ee4-4f19-8774-1f165537ca36
85e233f5-0300-49cc-ada9-7d433f1cf37b,5d505b89-b8cf-433c-8ff3-0b9b664e9db4
30e90be4-449a-4e96-b8c9-b3ca226919ad,a6e46325-03ca-4508-adac-d21616ed846e
28dffae7-6c1e-4856-9362-4eb168dc2641,e6005a8d-8ff7-4f0c-a22e-c7e628dd6186
dd34975d-1283-4a51-bd36-36210f820b37,8eb58136-1866-4bca-bf06-9f9f82756550
ea2d6e6a-4100-4c44-a8e1-294c33a5ae06,a308e39e-7776-44cf-ae5b-2538dda40916
9b0e8aed-9109-4cee-b66d-82ee913b5bbb,6ac68de7-4b56-42ac-b532-1b717d235645
64b5622d-d81d-4787-a4c6-f54a8bb99ebe,286e90fe-f6b8-46c9-b77d-8a05206798f7
a964ad31-4080-4a48-a7ec-2e6c49a50d16,244a4144-0036-4c17-b4a4-7dfb2f2047c0
21eb15bc-c4e5-4cb2-8824-d1250dc0b284,05c54a3f-0fc6-464b-b463-7f9d74e877ba
2271e221-1d2b-49ce-bc69-8154844ff898,4a661351-f517-47f9-a4f3-03b481797499
dbaf6c3b-112a-4b94-b506-7eacf7c9a457,a21f44bf-1973-442f-9aa5-1600a2742ed8
aa36f64a-db3c-4ea1-a168-18728824d4ff,6578d2fd-2540-463b-84ac-86073042836f
7015823e-f877-40b4-abbe-583da8b40b06,52abde69-3c05-42f3-b9b9-ff104d62b0b8
1b026807-0aef-4a28-aa8a-4b86e3b090fb,8e7f1c5d-8dcc-4f4e-8d74-380eb7f62072
3c3c6f8e-2edc-48d8-a8e5-af9bc964632c,68f6192d-196b-4eaf-b856-1333c9e7f004
bdfc35f2-7d4c-445a-ae93-f7eda6865443,cc954cb0-7b81-4433-a2fd-8111d1950616
5261663e-aa82-4bc9-b54a-7a79bf396f97,a34e450f-df3d-4cc8-8f39-49a8fa270398
e1935dcc-f6fb-4681-aa02-a086f680a104,a87db987-b824-41b3-8195-e283bac05d5f
d6c81eb2-85b8-49d2-a96e-7be3d6947fe7,a622afd5-deb4-4fc7-941c-f92fb21a694d
dd34975d-1283-4a51-bd36-36210f820b37,d96faa10-bf37-4ae5-acf8-d53923592996
0633d50c-c921-4886-a382-7f6e20a0d0a0,bec8efba-57d6-440e-aa52-8a79ad51136e
25bb1a44-8e7c-4f35-b8f0-278641b1c9ad,4a910daf-3877-4ce1-a9ad-80926a7aa05c
9d783bc9-4cab-4a19-93e1-fe04bf4c84b6,4268fa14-82e5-4b20-820f-bf1d59e5737d
ff05e9d3-52e8-4044-bb4f-9ea9d0fb6833,9a091ce1-578f-4fe1-9588-a03bd4c52790
894c691a-bcb7-4dcb-b431-281a5dfb377f,a9002dab-7aec-4c05-a6b6-5b88f8ee09a3
4304977e-45cb-4ce1-ae66-72c9f0949a3c,f7f961d1-77a6-4fdd-bd77-9abf46ab2480
7099a016-15ee-47f1-8f58-93fd57434a32,44a0f703-ad3a-4bfd-87a7-cfa41fd5951e
fd27d7f6-06ae-4e15-8d8b-6f9b3d42edf0,b7d3c0aa-3a08-4e9d-b1ad-f6fe2d8d2298
ea67ca45-aedd-46f8-8052-808ab5d4b65a,25a94359-29d1-416b-b1da-fd1632f0705d
a854c3af-e0aa-4d10-adde-db4beebe84b9,b738433a-c480-4f4f-9394-adb5644054a2
fd27d7f6-06ae-4e15-8d8b-6f9b3d42edf0,6d289574-52f3-4889-9c57-2786cc92f159
3c587c62-c3b9-4733-a3f0-d4d00dfc903a,39cf6be3-6700-49fd-b779-11360733e4f3
e52e5dd9-0283-44a3-baf1-0cbeeb0e96e5,67a3566c-692d-4619-b623-585393a4f7fb
eaa3fb2b-84b4-4df6-b155-794a5c351fe1,6bea4058-58d3-4ce0-a686-6ac6a7342973
c681aae7-c743-4cb2-994a-879a55797386,3ddaea3e-3eaa-4b92-a90b-84d06616560f
ada78723-1112-4919-9501-d0408b414e21,c47ba355-ebea-4281-a1b5-f4a7853d8221
d76a800a-ee8f-4cb7-99a7-bd528df2e2e0,414f943e-bbf6-4ad9-ab1a-565c9c3ade4a
c6a56ce5-3d96-48ce-ac3c-02ea1d678bd1,ea988b38-1217-4fd4-b49b-d82bd07e638a
d6c81eb2-85b8-49d2-a96e-7be3d6947fe7,c6061e23-79d0-4934-8385-ff0af080b451
71b86853-0f78-413d-937e-2a3b61512e42,e302e294-92dd-4f52-8c8a-9cb778ca1994
4b904d46-c467-49a1-990d-31ed5cbfc621,ec03c55a-1579-49d3-a7ec-801706f136e9
ff05e9d3-52e8-4044-bb4f-9ea9d0fb6833,11df2aa2-5272-402f-af5f-01580ecd6514
f509669c-b4a7-45c5-93ba-918450d3d32b,aaccc8f6-4f33-47e5-a791-b1b0ae1b72b6
9c546526-9620-4b18-af42-e4349ee09ab0,4ff8a9f2-8805-4b73-a06d-46c9f9fd6d7b
d47a206c-358a-4019-a949-36fb306b3e77,bd8f8af4-7e02-4862-8a89-bb792ee20fe4
60d159d8-a0db-44c3-a21b-72335171884d,3cf38585-a15d-4f97-a904-74f5a69f0a44
8fcc6228-0c22-4014-b09b-927eae7a56cd,cd11f5df-ca25-4f74-b469-0f2a5aae55c6
6944d12e-f648-441a-a798-8be1c5514b92,71c87304-3229-40e1-9ded-8f36bbf5fb16
0513c3e3-d357-4afc-9018-b1d12659abfa,b31380ba-5dda-4caa-8176-b3380bd46362
d69411cd-58ef-40b3-b3c4-13e18770c64a,9c7be07d-7b47-4f44-b6fa-defb9c916d1d
d10a7a85-4aae-4af0-87c9-e9f6e27a48f8,9d9d7264-4f2c-4662-8095-f5143d71413c
d5916c39-9cc0-4006-8764-1f6f248ef946,933fbeb5-031f-482b-aca8-914fd49f79fd
595320f7-7d35-45fa-8dca-eba44a58abf9,bd1dd391-13b0-4088-abd6-b10497718e4e
71b86853-0f78-413d-937e-2a3b61512e42,5492f820-5b9e-43f2-b97c-714ff32fdae3
25aee5b4-59a6-4445-8de2-270e5e8ad9b5,90d4b8b4-f9b2-400c-a3f6-0855202c0411
71b86853-0f78-413d-937e-2a3b61512e42,aa55fc45-4b6a-471a-b241-f020f3c3e3e9
5a988561-0540-44e9-85b5-137cb01a50ee,f8cc07ee-2c07-4146-b5f7-b1d457117d8e
8f2d9a0c-f2df-462a-b9d5-87af1f388f2d,33fdecea-35a7-4260-a2d6-5ba3e3fa1006
63b0f24b-5b6f-43d6-8a94-c3ee2e834b17,e7ef9eef-aa61-4590-95f5-260bdaed6b98
6499d24c-9b23-4676-a8a7-ca9c3437ed9d,278c4a4d-2385-4fc7-9d2e-d6bafa8c7521
f27f49b8-c4e7-4f2b-9752-ca2029a7f037,14289d4c-309f-4bd0-a7b7-e4b79e492fb5
e3e0351a-648d-4d98-bc6a-3ee0b9cd5898,0825114f-c731-4aa8-968e-a37235f7a058
c2c5b9de-b672-4a1e-a213-f205dc76feb5,ae059a89-7677-4593-9f9b-c26e81927857
6357f028-7ade-4839-9840-2bf047a781a2,98de6a63-747d-4ebc-abb7-040b2bd320fb
d9882323-33a5-4f46-bbb8-0adb77005972,155951e6-4d0a-49dd-97fb-2eb8b886e214
cb94497e-9147-4b6c-9899-ae72c78a6ffa,70378bd2-2254-4ff0-bf60-5d36ed202b34
555237c2-7884-49be-a20c-49521e48f1aa,d7384338-a35e-48e0-9a37-599fd0e18300
7e3ae66f-3d67-4f9a-9513-b7fd50c5466b,1c930793-6a7c-44f5-a219-bc41f2b2263a
c59b3e04-75e4-4ef5-a032-e89e36dab780,a8037f5c-27c0-4332-8f2a-c43d11d98c79
027b6704-cc3a-4ef5-b756-b94835d785fd,926e230d-a458-431c-9110-85c843caea59
dfcde2c5-7c38-4bc5-96a6-7595caf8c5b0,f9e25525-896f-48e9-95d4-276c51f88d05
7170be95-7cb7-4193-8aef-d43b9d60cb06,f0a0e0f8-01fa-4b2f-9107-895c182fc9f6
db46d966-5846-45f3-998a-88665a43e9bd,8fd826c3-25e5-416c-a2d1-ac8e7af90cfa
4b904d46-c467-49a1-990d-31ed5cbfc621,c42754c5-5e97-44cd-9667-158af75187ee
b2ab1d89-fd69-409b-becc-1986fc106af1,31d4d53f-c04c-44a8-a5a7-42c1c3088f8d
24877b9e-c4ff-4a36-8e6b-7eeddeba0b03,5aef1d7e-c9eb-4d3d-9988-2af441b86328
a3f8e6b8-f45e-483d-baf8-bbde713f1cbd,a3900bca-59c0-48d2-b882-eca980d8d2d9
8e4b7da5-6ba6-4b51-bb45-28f3f11163e7,dd8110a6-49a5-4d18-bcae-87d04413b04c
2271e221-1d2b-49ce-bc69-8154844ff898,b4e0bcd5-f770-4f8e-aada-83be9649fbd4
84451966-8d2f-4981-aa31-e00568c471a8,13883f4a-8aff-4c50-bdff-8b5f9c5bb715
43e2ac40-3ee9-4bc4-b3ff-8862886cf51b,a979845b-bf7a-4d0a-ba8e-f8218e8928d3
546dfdc9-44d8-49f3-b0cb-af90f2dd387f,5ab23867-1ade-46bf-b301-54b83edeb052
dab8cdd8-23fc-4681-b75a-997c75ee3789,854dfd7d-3f87-4d5b-abde-c3a49289b9fe
0c21fd43-0f90-403b-b70c-9476217b7a85,6d22940b-135f-4849-85e2-5aace838f362
555237c2-7884-49be-a20c-49521e48f1aa,0727bc7e-4f9c-4668-9b6c-ba08c1b3c49d
15143157-b2b2-48dc-89c0-3767a35aa6b4,003a6fbe-b985-420e-bec7-5eb7fb7cab20
e90ccd9e-d74c-4687-a634-041379bbfc44,99b6a9d6-250e-48d9-8ef4-41866c1cf9b5
58873ca5-4d0d-43c2-aa54-d07fa2aec417,5affe755-63f2-4a1f-a699-0dd410e20248
97500fb6-3c21-4b5e-88dd-3e34af015679,ec4b8e6c-40b1-46af-b575-9b0afb519bf3
d921a0d4-844e-423b-aa25-10f9143bf556,c6c2b766-e1e8-403a-b10b-3c9615a22284
7099a016-15ee-47f1-8f58-93fd57434a32,a0879b43-c551-481a-aae1-e5a6327df84e
a3a4f8ab-07f4-473e-91b7-3c056493bc41,b4e96d54-66cb-4da1-9074-144a131642e4
df9cd5d7-141b-4122-9348-ed32481d51cd,2f5266d7-3cd1-4819-bc47-a72765185948
894c691a-bcb7-4dcb-b431-281a5dfb377f,e2dd5168-f950-4703-bbbd-45fba55bb303
24877b9e-c4ff-4a36-8e6b-7eeddeba0b03,bc83f5dd-4333-46df-b488-abd82cde6df2
edaab069-b612-4206-8f0a-7dca335e1bed,0ac20de9-d7f1-472d-bad8-1d905a1f7301
96638560-1049-4229-bd87-9f3a99788479,2a013074-ab53-4109-93b6-01e9957d375c
a7c0602b-bd68-443b-ab2a-e5942a5285ad,03a11b55-7e95-4af4-b514-d3e2a606b36d
2a0572cd-f0bf-45f1-abe5-8fb3038b7e76,921302b7-d056-49b8-ae4f-9fbae350256d
ee6c5262-842d-4f0b-9bc6-d26e1de82186,e8bf84fa-5b68-4732-a23a-14f4dde6bbe7
e3de4167-8e83-4252-895f-48db25fd1e55,63c7749c-408d-4f08-8a6a-f2b5a7b460fd
25bb1a44-8e7c-4f35-b8f0-278641b1c9ad,bf2180f2-1767-4a38-a2bd-cb87efa5b741
906d0c4c-fe8d-4fc5-9883-92cf591e3e28,feada9cb-ecf8-4b87-b965-25708e9e4b86
b6fc4415-fe81-438c-8615-8c9ae937f8db,46ce317b-535e-43e9-86a7-3b18d6de4400
aeedb08c-edc2-4de9-8617-cce681959e8c,52615094-94d0-4f0b-91db-8652f2b1a974
e104b643-acff-45a8-91d9-4b7960d327fa,f92641d5-2d84-4c4f-99cb-6253583c4393
f6a3fe65-d576-4a0b-8a70-4fe6b473b643,d56c4249-07cf-4813-86ae-4f1f2cd8c2de
52d7cc06-b2ae-46ed-8475-d48d78e69a3f,bfe3dab3-4862-435a-a88e-404e6fedd885
a7c0602b-bd68-443b-ab2a-e5942a5285ad,ecc451ef-2e7a-43fd-8b53-c4937d81c8f5
25cc7a77-3296-41f1-8d75-1c21582208d9,408746f6-a993-43f3-ba64-f8a332eac622
b2ab1d89-fd69-409b-becc-1986fc106af1,533a9fe2-a1eb-4ab5-8071-7354f59db57c
fbc2a8c3-d1ed-4d24-97b2-f934d72fa50d,b9204583-1ea9-446e-bda0-55ab3dba9008
cfd5d189-18a6-455e-b4d4-4440832d3633,0dec1080-21a7-4521-b082-b72759a2a4f0
043171b6-b9a6-44f9-8048-9c89a26a1071,ed547731-1d25-47c9-8026-ab002fdd5d9e
411dee13-1055-4ef0-9b00-a45d794c5c40,a7b10f3f-b5a5-48e6-89f7-833edd7c13e3
6daeab67-6d2e-4d4c-9fea-67b0f66ccbdc,77585942-dc71-44e2-91e4-f90368a1c8a5
f2506998-cbd9-44bc-9733-ad4f01e815a9,0b0be09c-984f-4a7f-8ff2-69ca28ac937a
697002f9-819f-47a3-a3f0-3025fd6b3468,258e3660-65eb-4f8c-a31d-e40fde851162
f6874190-9b0e-4ff8-92c0-48b8d5e2ad77,64634013-bb03-4811-98e9-c8244084783e
6daeab67-6d2e-4d4c-9fea-67b0f66ccbdc,a8bf796f-0f02-4a25-830a-63a2fceae208
5d1b4a99-8e39-4a60-b0e5-7412f68f72dc,a9d64bbf-dab2-4ef0-9584-a17ba5691149
e1935dcc-f6fb-4681-aa02-a086f680a104,dc103fa4-8904-434e-967c-6107b15bea13
1b026807-0aef-4a28-aa8a-4b86e3b090fb,c8eef3e8-72c9-4f90-9769-33ee462653eb
48769057-04c0-4879-9bc4-ea5281b4ee51,0b84a24c-8984-465f-8d40-db94cc95dbc2
545556d3-e0a3-45ff-a5a9-37abf1119067,16f08034-0d82-4853-9cfa-a0855d8c190e
8cecaaf8-d1ee-40e6-aec1-54fba05f897d,640e6096-9ce3-41b4-a264-4f003519712f
a4e1cfe0-159a-4cda-ac1c-f89592818437,9eab9192-0bbc-4844-aeb8-95ca249ac8ad
b1367072-f619-4f53-80dc-49291303ddcb,4d109ad3-74a8-4501-95ba-fd14ccabc47d
7d9bcd98-6ba6-40d2-b6a2-9589a3ae8133,f57ba931-7d39-4e1b-8de2-f4402d7802c2
40deff2f-8582-4adb-a1f9-bb32b06028e4,6471addd-afee-406f-ba96-b7a3b4a45e2c
74712639-14d9-44b5-a375-948370d14a39,e94fa720-74db-4701-9e37-e2721ac1bdb7
c6a56ce5-3d96-48ce-ac3c-02ea1d678bd1,f093f6ce-9f1f-4bf4-91e2-1e22cb02c2c7
d8534ae0-ebf6-4162-9ee9-cdacbe0a47a1,a10b7f1a-14ad-417d-834a-5b774c657c93
85a509c3-4759-499f-b7bc-aa243e27c812,c05cb1d6-292c-4567-9198-4ee8d871dfad
0a99036a-4e84-4f03-ae37-2ce5a1a379dc,c95d973c-8e72-4325-8d39-7e54958de8f5
a15b0b78-0c05-4595-b42d-d82a0b9ef0fe,6a16a43b-e897-40ed-9351-75bccd2d0cf9
6146ec4c-57eb-43b9-a9ac-24bf1b9c0c62,af9c96b4-4167-493f-bad0-bc0cdb629096
9b8e5937-8a9d-4302-a567-b06a6e9614b1,3c907d2e-d5e2-493e-bc4e-4b3179b917b7
b9c2abc2-4e19-4c6f-85bd-d4cac0f9d444,e754e2cc-9896-42cd-b5da-07e2ccc83ec7
ac28e83f-c5be-47c5-b683-0a15537ed35f,0d40d6fd-2281-47fd-a13b-4a675bfc0120
ff05e9d3-52e8-4044-bb4f-9ea9d0fb6833,0a940c3a-542b-4cd3-b3fd-bea274a69afb
f01885e9-ccce-4c2a-8acc-b6a36e280d6d,723294a2-6db3-4052-be1b-7439b3dbf03a
7015823e-f877-40b4-abbe-583da8b40b06,388c803f-f5cc-457a-a3d2-ff96b2d5bc72
dd34c53e-9ec8-40a7-9347-e94d637c5e73,bb21fabb-6285-4018-a3a7-42f87919d3d5
e86e6176-0eda-4ab0-8213-f4a0551a0fc3,ba614482-69a8-4104-92ff-d276c9931224
a7c0602b-bd68-443b-ab2a-e5942a5285ad,ba86313d-5f25-4e6f-891f-a584b9abb235
d46cb6e6-2ca7-4228-83dc-a7ad367db085,78e1b667-8bbe-4ba6-acd9-7db328048c72
d200b80e-5705-4388-8613-dfb22d46aa08,eb6d5aca-8d65-40df-97d1-f9e4d35c84f8
c62f0c9a-27fd-4a1e-8e21-818f4419abe0,b75720ca-97cc-41da-9c38-a46ca26b8ede
9a9feb08-d1d5-46e2-a802-f9331df262fe,aa09c3df-4c4e-42d9-828e-37ef4f49b69f
b7ecf4b1-f8d7-44bf-a6c8-698ce9ea7378,0e973fba-b879-4eab-8a89-7125c4582913
0a032964-98b9-4edd-97db-3c5191e989f8,18d7abc7-4bfb-40da-825c-e23a53f74186
ada78723-1112-4919-9501-d0408b414e21,63c721a2-b923-46c7-a85c-c7c21d66f7ef
e1935dcc-f6fb-4681-aa02-a086f680a104,ad294f79-cac9-4eee-9785-ef42fe3afc89
e26ea356-2ea2-442c-a1fc-aa0691be8117,9147f472-7aee-410b-a8db-b77a3c1ee9f5
b7937873-791e-413f-9923-6f86b096d623,5d39df8f-f61e-4842-8423-332c6a1cc2ce
cb48bdb5-797b-4fd5-9e4c-4815790dc83e,675b480b-3486-49e0-8af5-63078b109571
dd34975d-1283-4a51-bd36-36210f820b37,9e6af926-b27e-4a58-83a9-d91b51d3bd1d
f3817c68-086f-421b-b02d-daa401217629,bfb12dd9-b2ae-470f-a6b2-e8b6959baa00
c00713ef-d20d-4d5d-90c9-9742fed2c887,4940d4b0-a689-463e-bdf1-35f6df388025
6daeab67-6d2e-4d4c-9fea-67b0f66ccbdc,da131098-9333-4eef-8162-c53f679b5ac0
85dcb847-f241-49e3-a992-189c1f485353,3214c95c-ffc5-4b7d-9759-05673a5d0fbf
0c974d3b-e8aa-499b-82f8-0fd77b93449d,a0f61cdb-8332-4cf6-9f9a-8ce6fa3bd734
6829c6ac-6cc9-40d9-967d-d0ff4a161b06,33844ed0-5f65-45d4-b88e-f4ac1e494e8f
b2a90862-2555-4778-8ab8-bebb0b73224e,dc86bb70-1f88-4274-af76-fb06e1bede29
3291a502-bbca-4642-bc2c-20265eccde06,c0c8aced-640d-47a8-b7fe-f00edfa501ca
4304977e-45cb-4ce1-ae66-72c9f0949a3c,522eaef0-55c0-4b16-be01-facbab3ca2a1
91a340bd-e85a-489d-91bf-94c3144a0132,0f81460a-b4cc-4c97-a7e5-b0c72a757d3c
7015823e-f877-40b4-abbe-583da8b40b06,70709ecd-4503-4bed-a47a-98f12ac94099
7c22944f-1af6-4c78-9ca2-de677d0af310,fc6a8d16-cb5f-4c56-b4cc-1248c278a6b7
89397c6c-4273-480c-b320-7079b62718e7,f1ed85ee-45a4-4ff1-8fb1-916f6066e40e
69f83380-30a4-42a9-8a54-3f7659b6630c,6cb8629d-a6b9-40ad-8dc1-0c22924a9877
d76a800a-ee8f-4cb7-99a7-bd528df2e2e0,db6bc350-94ba-4f0c-9969-26dc248e50aa
7099a016-15ee-47f1-8f58-93fd57434a32,279fe626-b765-400a-8ede-50ebb1543638
6063fbf8-9e7c-45a2-91c9-548c611c8af8,d23efd9b-9cb1-450a-87f5-2d16cf03480c
66259700-4cbe-4e23-8f3b-5acd39dd046f,aed9be58-ca07-4d2c-a244-894a7142e48c
04c58ade-8e36-4b0e-8713-7ee62a9bfb36,90ff7dac-0c24-4d06-ad55-5dff66e08d43
c078cb36-a188-46d0-b9cd-498cef95fc8b,dfdb4ce4-cfb6-4ce9-ab1b-5ad1459e7179
0c21fd43-0f90-403b-b70c-9476217b7a85,12b9c9f3-05b3-47d3-b5a0-37ec931ea7e1
9294199b-b2e0-41b7-b1c6-cf68ab84d846,0083a972-5192-4e3f-9a03-ea90db5b8dce
f0769cbb-e09b-4669-97f9-e1e9fae2f503,6eaab04a-8cbf-42ec-b3c0-1a4c55ca7592
b7ecf4b1-f8d7-44bf-a6c8-698ce9ea7378,3b0b9d52-f758-404d-ba66-8baca9f0c2f2
3c587c62-c3b9-4733-a3f0-d4d00dfc903a,6dc5155f-5d69-4288-a7ad-0b24189f1cf3
70e409a5-a808-4204-baca-4d2a0d56506f,ec6186fa-cee3-45d9-9d5a-08c37e5723da
7bce62ac-44b0-418d-adbd-c5dfc97e5fc1,a824a86c-90a0-4ae8-bb61-37ff72b684a0
4fac0244-b2b0-45f9-8dae-b640a67c5255,a678ebcd-8d09-45b4-a04a-ac1b1820679e
a727bdbc-19cb-4446-82b7-5f4be76ce882,dcea0336-6344-4788-bd43-d73c2c64cb79
1c4e317d-33a6-4e79-9de0-0bad62af0798,00c09b97-0a94-42e6-a4c1-87e7851cdaca
3a7a23f7-3c21-4624-a964-42708858b82e,5b060abb-ad58-4376-985e-fcaec8bb1f68
1f2f665c-a7af-48ef-b122-dce17330975d,dbccabe6-78c9-4734-a861-c21d9041f86f
62bbb726-836c-480f-99ee-d0ca9880b952,596c3fb8-e1e5-4dbc-a15b-b451b990cc72
bdc5f2b8-0e3b-42f4-82d7-57e09acafcbf,fda558fb-8c36-4243-a7e8-b7a07bc33b0a
43e2ac40-3ee9-4bc4-b3ff-8862886cf51b,f2991831-28ab-4911-a41d-1207d08a89a4
df9cd5d7-141b-4122-9348-ed32481d51cd,fc466586-e8b4-47ad-9209-3deeda91fad6
d9882323-33a5-4f46-bbb8-0adb77005972,f5a04aa8-e1df-4a2b-bd72-36c8737d15f4
a1d7f868-db59-48bb-8344-394275dfe042,22cc1ddd-0e43-4192-8d1c-01eddafd067f
249fdfab-ea08-4365-90a8-9db18d504520,349de91b-092e-4606-9bd8-bda6a4059965
3d7256d6-2c52-433d-ac3a-2a1652a5fbd8,608e2de9-18c9-45d1-8aed-876c701440e0
2b98bbf4-7476-4277-847d-a5ca0bcdf31b,1326452b-7423-4f52-9738-1d9f103b8e35
8ea60059-ea5d-4916-b7fd-b9a55c59180f,a2be6e4e-7de9-4629-a6eb-f06761b6c5cf
d7abfdad-2eb4-4ae8-a2ac-9d131b145288,175be215-9741-484c-ab68-a3c7ffa0ad15
3c6b9a7d-ccf7-4195-8074-e56ac55da936,3f9fdfb7-7030-4bbb-b1aa-e3025e86d466
b7ecf4b1-f8d7-44bf-a6c8-698ce9ea7378,5158ca28-a224-4edd-b53d-81785c69cb90
9f6e35d5-ed46-40ba-b4df-f87627ff53af,562c3aa6-f9fb-4384-b2ce-27413b2afdbf
a7c0602b-bd68-443b-ab2a-e5942a5285ad,647a50da-5d96-4dea-bd8b-34346d526eab
30722daf-0bff-4481-8fae-4e15f83afee1,e2b5645f-2207-46a3-923c-802f55e672ac
a3e58e9e-3c04-45d1-9a29-df6cfcdb99ce,6b14b35f-069c-487c-9c31-b3116fdb8351
211cda52-790d-41df-82ae-da5f81365eb2,87b3a7f9-f7ee-4724-9a57-a5eed9dfa421
e52e5dd9-0283-44a3-baf1-0cbeeb0e96e5,24acfebe-2a70-4267-9145-0e7d39c2e533
edaab069-b612-4206-8f0a-7dca335e1bed,3608b9ef-93e9-4043-a7fc-e6a266471458
23194ee3-9e8f-41dc-bf46-8d5474779c04,79377b3c-504a-4000-ba15-d76bac9d24b5
1098cc5b-9f96-4ca6-a35b-703b0d835f16,aefb3c73-e2f4-4284-bb86-ca1eb2dba9ae
a3a4f8ab-07f4-473e-91b7-3c056493bc41,642f79cb-cda5-4ea3-af4b-5c290bd40748
0fb09a7b-aeac-4fa4-ba2c-a494a63d31a5,07d14a46-c504-4c0d-9a77-48263eb8e28e
2aea1624-665b-4148-b353-c11663d918f1,12e97374-08d7-417f-be62-3cc3c53fcd2f
0a032964-98b9-4edd-97db-3c5191e989f8,03e39bb2-ba09-4bd1-9a0b-16754399eccf
d47a206c-358a-4019-a949-36fb306b3e77,73e427bb-9af8-4fce-8225-37547e0943d9
acdd4d52-0878-4cd2-8287-05df5d6dea8b,db99e26c-5a67-4323-b5bb-99e7d666b81d
96638560-1049-4229-bd87-9f3a99788479,0708bbf9-dc6f-436b-83ca-8ebf813fa442
b1157eb9-aad3-4116-a43d-97f6fdbf6ad6,627a6011-d3c8-4b49-aa78-fdd4bea70554
7015823e-f877-40b4-abbe-583da8b40b06,8d966dc8-d15b-4240-bd82-85969aae266f
34678047-bdcd-4067-abc3-2b6fc38ced92,49e0b548-00a5-4fcd-933e-a64e3fbf7fc2
831f4abd-1459-4772-aef6-4adaa3da61bd,9708b0bc-33a9-41d6-adca-4b28ea5fbf17
bc564b43-ae1e-49f1-85fe-e8a74cb8b819,d81866e3-18d7-4f00-bc01-abc2ea55ce16
3da853f4-5a32-4d94-83c9-5ed338c63f0c,64ccefcb-8911-43e7-af04-6d22b7c5280c
b5977fb6-ece5-4c84-bdea-394c535c41da,898b3ca7-2dcd-4f51-86fc-6c3be713e750
5e073cef-b70f-46cc-834b-3a655dd3e251,e48c0ae2-dfc9-45f2-b886-6fecfe6c8fe9
6944d12e-f648-441a-a798-8be1c5514b92,fbd58c17-cd9e-47a7-922b-8af028a4a419
d78b08a3-ac10-4893-8f10-dd5126562855,797bca12-765f-4756-a0b2-100c3b8026b8
7f1accc1-bd5b-46cb-b5b6-62f6421d9b0f,8074a117-296c-46dd-8a0a-e923bad583b3
98f930e3-e3db-4e31-af1b-2cd850d41f4c,d0599a40-8473-417a-a23c-7c5de2e5ab4a
a15b0b78-0c05-4595-b42d-d82a0b9ef0fe,9d6e5a66-67a3-4cd3-9cfb-3204e1cbd9d2
5d1b4a99-8e39-4a60-b0e5-7412f68f72dc,dd66baea-0e30-4116-b280-dfc9b742dfaf
469034c8-6be6-4110-9a73-2132ebe1836e,71501e2b-587d-4ecf-9680-e7f8ec93ca38
56c825f5-264a-4e70-8383-f8106a779f5e,45beec82-4a76-4cb1-9b86-0ac1523775f4
fa726c6c-c73c-441e-898a-084a36722e84,356d44d3-86b2-4a6d-84c5-6cd9ba6a9685
bd730f78-3762-4a7c-9afa-5b606dd452c8,e422f261-ad21-40c5-9cd4-d914bedbbe46
c59b3e04-75e4-4ef5-a032-e89e36dab780,b5e4c4e5-a993-4c79-b6ca-67468eba7d8d
eb442861-b163-47f5-b90d-ec7acfcecb16,375daed6-3948-4774-8cbe-e19ab054ddde
894c691a-bcb7-4dcb-b431-281a5dfb377f,a2fee030-8387-4968-94d9-2f27aa915e37
915b06b4-89bb-4d6d-840a-e9d257614000,fe090d52-9941-4258-aa2b-8044c766ee40
a74e2c2b-7eb5-4bb6-b9ba-e17b2366f99e,9f90d1a3-a4a4-473b-885f-d4c9fa1173eb
58873ca5-4d0d-43c2-aa54-d07fa2aec417,420cf584-cabd-4b03-8522-b6c75a294434
4304977e-45cb-4ce1-ae66-72c9f0949a3c,6c22163d-7fa6-4775-9974-76000ecc454a
30e90be4-449a-4e96-b8c9-b3ca226919ad,45865c82-1f35-40cb-b9a8-b9d366938ef0
e3e0351a-648d-4d98-bc6a-3ee0b9cd5898,d0c43c54-95f6-47d3-a165-6a3e3c2e20d6
94c685c2-f298-434f-b58e-20b5dca2638d,2d119f23-6948-4f1d-8018-1d74a4218419
4097f986-28f1-407c-9ae9-ac46fc6ab0e6,3d7bdb36-0aa5-4b3e-a0ec-1499ef43b9c2
1d55b45c-505a-40d1-ab30-20f91693aa73,b29aac0a-413e-4e8f-a851-fe093d3e8b9a
4cb4b04b-1a51-4206-8752-3e063f873189,f9b5d6de-111a-43d3-a90e-26a5cc7daed8
8ff30105-bf96-44f8-9cf9-9915f02722ca,bef32ca1-f25b-4896-bf5b-9cacd6cdb8a0
acccbe31-d576-4883-bdc2-1bde52b99415,8a186873-8f5c-4dae-b48e-160ba2310c68
3c587c62-c3b9-4733-a3f0-d4d00dfc903a,6653e679-f0b0-4223-9b8b-ef9ef0f69dae
b2ab1d89-fd69-409b-becc-1986fc106af1,9e0bb8f8-9f1a-4c36-b299-dbc6bfabe4f5
7d9fdede-a561-4241-a240-a0ce2be90994,dee11e88-a4b2-430b-8a8f-5012dd83ad3a
c70f5351-6557-40fa-8133-e8343de7ad27,3dfd2a52-279e-4ab2-b6ad-9b3d18f78f10
cb1416ba-6b1a-44dc-a476-e0e55ef3030a,4587afb6-756b-48a9-bc89-0447de03a60f
fd27d7f6-06ae-4e15-8d8b-6f9b3d42edf0,468dd38b-fb64-4a6c-8d61-7a6c7246d9dd
15143157-b2b2-48dc-89c0-3767a35aa6b4,f7947a44-2e49-4394-a041-6881088a0c7e
e2cbfb42-6205-4d75-9ede-58d76d5cf3ed,bd8e73a3-54d0-42df-ac3c-ada86f8168fa
e5457ee4-945a-4037-a969-e118a8cd2af0,e412c755-1709-4da1-a6f8-2581fdd53f92
28dffae7-6c1e-4856-9362-4eb168dc2641,b0575e75-eb66-4962-b77b-45bd950816da
d46cb6e6-2ca7-4228-83dc-a7ad367db085,7a01982e-9839-4e6c-aff2-d17f10c4a635
79689d8c-816f-4b6c-bf83-82d6491d67fc,0735f66a-a267-408c-a022-653f1d99b689
1ec17a51-b6bf-4776-8d07-c9df2fc5f806,ef57e263-3a7f-47eb-b077-8fd1ea26a492
e3e0351a-648d-4d98-bc6a-3ee0b9cd5898,fb5a3d5f-d0e6-4042-9b1e-55ab7f2fd4f7
e2cbfb42-6205-4d75-9ede-58d76d5cf3ed,fc81feb1-945a-45cf-8096-27aa12494192
65a6817f-641d-4b3f-88aa-ab87b1431d6b,512ff8e2-cac5-4687-b426-efa63e82fffd
7099a016-15ee-47f1-8f58-93fd57434a32,ca54441f-074e-4308-a6ae-ab002dd4586c
03f16518-d32c-4ceb-903f-39c684d727d0,6e6ca629-ba8f-4167-9c0c-ee416dc5286d
8e4b7da5-6ba6-4b51-bb45-28f3f11163e7,2ff1bfba-5712-4eaa-91c2-e43291807d68
42ffab51-132b-4a3c-9a5b-5070c122c57f,05d9f999-26ae-4041-ad5d-93a70081ab15
30e90be4-449a-4e96-b8c9-b3ca226919ad,9e5549b8-cdde-4bb9-8aa1-2e47fc272cfe
e3de4167-8e83-4252-895f-48db25fd1e55,f12db6a1-d332-42ce-9dc5-f6cb3bd3d65a
b504458e-b544-4f74-b94c-4260d3b41e8e,60a54c20-92e4-4612-9304-5e442c31b65c
8069b8cb-86b5-4d4e-94a9-f4e0ed68d258,71fe3d07-e86c-46a8-9a05-08547a075c5c
aa1480b9-ec0e-404c-a1ff-113b2b49782f,1aa0325c-4f95-4ec3-a325-19642d426d1a
03f16518-d32c-4ceb-903f-39c684d727d0,809c61ab-5d7c-4777-bfac-19bd1d5e761a
0c21fd43-0f90-403b-b70c-9476217b7a85,c769e65b-06a1-499d-b48f-a86881b02bfc
3c3c6f8e-2edc-48d8-a8e5-af9bc964632c,7a9668f0-fdc7-45e0-9309-0fb2199cdb83
9c546526-9620-4b18-af42-e4349ee09ab0,9d12b5d0-5ae8-4636-9944-ed477f19c136
25cc7a77-3296-41f1-8d75-1c21582208d9,c7ff3dd5-8e96-42ee-a0a2-cba0523487d3
40e9aea5-094d-4f18-b428-750fcf1a9fc8,5f4d250f-c1e5-46f7-8e2e-22337a6f876e
8fcc6228-0c22-4014-b09b-927eae7a56cd,da98105f-f9ef-4e15-bff8-1bac196702a3
9b8e5937-8a9d-4302-a567-b06a6e9614b1,4cbeb202-4a6e-4dc4-99ac-a5102e02b712
d10a7a85-4aae-4af0-87c9-e9f6e27a48f8,4230d3c4-4fff-464e-b161-1a5f5e5c289b
6da918d8-067f-4243-ad82-829aef7b3c61,cf1ed87e-ce61-4c7e-ac33-2f57e5db17db
91f75676-5490-45d6-9c36-651859479f1f,87d7a168-aaf8-49ee-80d0-fb0f6474c5aa
c681aae7-c743-4cb2-994a-879a55797386,72a6b40b-2ebd-4c4b-98e3-0edce4c83fd3
4304977e-45cb-4ce1-ae66-72c9f0949a3c,7c3d7866-783b-4fd4-923c-4827156e4e8d
41801766-7f2c-4d7c-8ab1-c48a9fb800e2,8bc6e979-e1c5-4360-97dd-b4052cc395ae
599918b4-3e11-4368-b3a2-c31a9dc0dc3f,ee8d3770-ebac-4185-b9ef-8b759c79b575
4e6482e4-b87a-47be-a39d-9cf678e26313,d919875f-7cfc-4fb9-af58-7c7229e3dbc0
48ed4921-7ddc-480a-aad2-d78fa4781bcd,9119f71d-cc4f-47c0-bca5-95df1e34397a
9e41743c-b089-4d08-8365-33ff67a9d6e2,755485d1-89f6-4968-89de-11ea1ae59746
d73ada8a-f517-4fa1-8c4d-b98f1d7fa093,966780b2-f723-4f03-b76a-0bc4bc67ad95
b542a0d5-028c-4763-addd-86923b254931,a56bfb94-21b9-4a50-990e-14513789ad69
e82dfacd-63c9-4e02-be89-64d0325cebf4,73148d50-fac6-4304-b604-4dfac5c812c2
ba24c441-0d2a-409a-b8bc-1cc6bb91c88f,7ca3ad8b-7c42-45c8-952f-42838b63669f
16234635-4c7a-4289-a602-535e827ff451,9ffa0b07-c76f-4723-80a2-649fa2709272
f9649c90-f5dc-4ff9-99ba-87f40fc58a1d,a5f7eae2-5f8a-4d2f-a85a-44a9f273bf31
819db85f-24d3-439d-8ca5-bfea81dbf96f,8abf0c10-54f7-447a-b2c7-8137333c7805
f021a6be-65f1-4d61-9615-017010ee7945,283bbf7f-824d-4c36-a676-4c6624034365
dc31bdf9-d87c-4e82-b333-3593d509494e,e72ed4da-17de-4b79-ba73-6f3ad67adc67
b209ee2c-b373-49c7-88a0-e1342f2d15de,c9df8230-5418-462b-86bd-d1e41f31f337
e3de4167-8e83-4252-895f-48db25fd1e55,86da782b-e3d1-4bb1-985b-0bf011e3a171
dd34c53e-9ec8-40a7-9347-e94d637c5e73,2cbec077-3fa6-4af0-a26a-9a307fcacedf
f5ea3724-1771-4ce1-ba64-db67d2e8a505,d761099c-9d29-4336-8d52-481bb04f9081
69255df9-7863-4906-9a45-4585a0c8c769,7e6be6fd-d420-415d-804f-eb2fa741fcde
9b0e8aed-9109-4cee-b66d-82ee913b5bbb,04a3ea57-cde5-49f6-9048-2f6e060b9e97
82531eaf-135a-4d08-9a02-1614b33e7910,8df411f6-967a-425b-b515-4f52fc742c1b
b2a90862-2555-4778-8ab8-bebb0b73224e,7819f68c-fabe-40d9-b197-4b4c9a6e857f
7be7f4b3-6fa6-4723-bc54-ca5752a924f8,5a1215c0-da32-4db7-ad9e-846f7a2b8261
847a26d2-1087-456f-bc50-32f0509b3796,d0f97df0-2852-4dea-977c-eeb10419ee74
635297a0-1eec-4e9c-8cbd-31f754d2117c,726f15c1-c22f-40e2-8d8d-09c218713d5f
04c58ade-8e36-4b0e-8713-7ee62a9bfb36,e7c258a8-0acf-48a7-88a6-8c703f142a34
e6e3000d-79e5-4102-8b35-752c20465764,cfaa5a3b-28ad-4c1a-a823-1dcdc6f7bb84
706b99c5-6252-4442-86ed-7a832cf10ea1,22fdbca2-1d36-4f2a-b5b3-91c36385a6ce
7be7f4b3-6fa6-4723-bc54-ca5752a924f8,85e0176e-43f2-4a0c-b528-9393c1e8b791
acdd4d52-0878-4cd2-8287-05df5d6dea8b,e904a0b6-0454-41ae-86b5-41d3d6a406ae
915b06b4-89bb-4d6d-840a-e9d257614000,4b7ddf60-95aa-4a00-87b4-f0171d283a74
eb4eb272-2b7c-419f-a492-897285daa737,25564adc-67fe-41e7-b8ef-5897cac29f05
3e2d6252-9eff-4a7a-930b-3cafaaa41df0,c34b2faf-c7c3-4df8-b87f-dde1f53b3ac3
5db29832-ba0b-42bb-8649-a082589af7c7,1c7cd306-a5f4-4cf7-9d0d-22d290c3b118
ea67ca45-aedd-46f8-8052-808ab5d4b65a,311b11ca-c1be-4043-a82a-3e3b3ee1e26b
d618adf3-63f7-4452-997d-83d8cba1d2af,e26e8c66-8e23-430d-ad09-bab4695f47d7
068c2e62-b2ba-4907-8926-80725d62d1a0,a4bf9033-af08-4fc5-ae37-cfb35df57453
f7ddc4fa-be50-4d97-a411-a90254ab99f1,4643542a-5d25-4b0d-a688-f8ac5b551204
545556d3-e0a3-45ff-a5a9-37abf1119067,e6b62be6-8f45-4d12-a244-632afebe7927
7a6470d1-fd83-42bd-a468-46fb672bad2a,82a2cf88-9c24-401a-98c7-5608e8aef049
aa6fe19b-2ce7-4454-923d-b4fa9e71056d,d544d8b4-be05-4f48-aa75-480f62a003b4
ea2d6e6a-4100-4c44-a8e1-294c33a5ae06,fb70ccbc-808c-40cc-b3fb-d44f8ee3603f
635297a0-1eec-4e9c-8cbd-31f754d2117c,9c579fa4-191b-4855-9fac-d233495e202c
9194e05b-2061-458b-8f65-49f2b464c16b,f1b4f4bf-243b-4e2d-87f0-fe2491efee6e
7672b7dc-c6d3-4c4c-85c1-51e2f6fef2e0,d29cb960-1b2d-4b6c-af66-b5c533a4d5a1
76ba4337-7442-4f72-b703-59a9d51bc1ec,f31dedcd-d354-40d2-8ce9-365aeb1a5c12
37d3f4f0-4a63-44a7-8428-a1079e961541,89b39345-f997-4f7f-be47-502f5b7f1db0
283beb58-5e39-4273-9c3b-ec215396c8df,415bb63f-ecb1-4125-b515-9f7e24452d65
d9882323-33a5-4f46-bbb8-0adb77005972,70926f0e-76f9-4b7c-a40e-206d3d69ae4b
40fb280b-f53a-4bf6-ba63-fe1eece3acaf,8bebc470-1b4a-4614-9b7d-2c2b340fef42
25cc7a77-3296-41f1-8d75-1c21582208d9,0b3d0989-84f8-49d0-8faa-fdeb87347a40
b0f99e76-3741-41db-bc29-c0f0cce2629e,3b55c29e-e2a9-4665-b7ea-d51d06a452f4
9c546526-9620-4b18-af42-e4349ee09ab0,6ec17f9e-0d8d-4738-9b6b-b039c69cf803
4685857c-0200-46fe-bfcb-4b846a5cd273,c86b380c-d9f2-42c9-bf54-c98a55d8a4d3
9b522806-9099-4084-b032-a57168da1443,6164de5e-7ab9-4c0a-a78b-7892f4470998
e4371ec2-e64a-432c-94cb-eb836e984388,883dfd37-6f41-4ad4-af8f-3d231cfbc9b5
039f7444-7ea9-415f-987b-862ce6661703,365a4b97-b47a-4385-b405-061e2040dd74
d921a0d4-844e-423b-aa25-10f9143bf556,d6ae76ee-d992-47e4-977a-29f4438cd010
b265055f-3850-4950-9f8c-a24eff0d2d82,934c8444-788a-48b3-819b-0d0696cb4321
a8ff7742-d0cc-41e2-8ec7-ef1322c029f9,3f852f89-2121-4c49-91fb-954263910d0d
bdc5f2b8-0e3b-42f4-82d7-57e09acafcbf,f833fb02-60dc-42fa-8606-4bec25e972ff
635297a0-1eec-4e9c-8cbd-31f754d2117c,395cbc6b-997b-428f-87f3-f67b974ab41a
8fb48e26-05ae-4383-861d-cf18011f936f,4da91b54-ac39-4c5d-a532-da5ab6cf57ef
dfcde2c5-7c38-4bc5-96a6-7595caf8c5b0,865b7896-cb61-4ce2-abb4-2fbd1e33f414
c6a56ce5-3d96-48ce-ac3c-02ea1d678bd1,fd3fbd6e-dd0d-4fe1-8c8e-bb0ab0e895ec
d9882323-33a5-4f46-bbb8-0adb77005972,85d9a23b-2389-401c-a684-c168003f172e
e9255da4-b752-4348-ab6a-1a57a2db1ee6,d7ae1831-812b-4816-8c72-f54213005e4b
b7ecf4b1-f8d7-44bf-a6c8-698ce9ea7378,c17af31d-c208-42f1-8929-de795be3888a
c078cb36-a188-46d0-b9cd-498cef95fc8b,ca57730e-fdfc-4a99-a63b-8172f77b3d34
c078cb36-a188-46d0-b9cd-498cef95fc8b,31170d2c-d933-41b8-9a8c-a3e8d05a1536
66259700-4cbe-4e23-8f3b-5acd39dd046f,1dbf9152-3e21-4425-a204-7040853d9e89
c681aae7-c743-4cb2-994a-879a55797386,ba9fee49-92fa-4da4-86a0-966472039008
3184f060-f55d-4446-8e9b-cef6b4a25109,795271de-bbaa-43f4-bfe2-a79f578efc59
40fb280b-f53a-4bf6-ba63-fe1eece3acaf,4ddf9cc6-9c80-4348-833d-6ed8baf02498
21eb15bc-c4e5-4cb2-8824-d1250dc0b284,af362f1a-bfd6-485f-9139-19e042f99490
e27831dd-70b2-4e17-adc6-7b009ef357e5,89cbbf8a-a46e-462c-b5d4-a2fe2209cedd
30c816db-c69d-4d38-800c-9a2e8f927476,e3ead939-7749-4a01-9f80-825f65e355f0
d618adf3-63f7-4452-997d-83d8cba1d2af,f4e4e8a4-2b3c-44ee-8b78-b4e1dc7876e4
f021a6be-65f1-4d61-9615-017010ee7945,4cdaa6a3-ec41-4323-ad89-cd204cb2f3dd
befad07c-8ef2-44ad-9186-c852e120017c,2d32e997-1b73-41c6-a086-4068b8d0f5c6
63b89f45-a9c4-410a-b61d-4963a86e432f,9d197cf5-8eb7-4268-bc8a-45e47620cbb5
c06a3029-d464-4d7a-8d08-2cf199f28426,19a0d495-df08-41f3-9c4e-cc73b8d40911
d24b20c8-7ca6-42a6-a799-e0a4b15b7681,acc6c7e2-85ae-449b-8208-7bd18aa27161
aeedb08c-edc2-4de9-8617-cce681959e8c,071d9223-d8df-4791-aa62-598a567cabdc
dbaf6c3b-112a-4b94-b506-7eacf7c9a457,e889a4ee-5484-4cae-aa88-fb2d324cac8d
7099a016-15ee-47f1-8f58-93fd57434a32,4322ff06-75b4-4282-b736-475d0d5ce6ba
3c3c6f8e-2edc-48d8-a8e5-af9bc964632c,ada02584-257a-46b6-b942-ee844b6372a1
3f3a0275-c829-41f2-a5c7-e33ecde0b919,124ec4eb-5075-4f51-a2ad-9f2a9e47a15c
318a9086-f362-4de5-92fd-dac02b69e08e,e59ff892-0db2-4467-b553-79546ad967ff
d1c24595-0c01-4882-952b-5eb3aa669d66,e5559812-b37e-49b9-adc9-ea43cffab745
3c2b0cda-226c-4579-b282-287e1c8a1bcf,6e344b76-503b-46a8-b026-55df716d58e5
cfd5d189-18a6-455e-b4d4-4440832d3633,06b380ab-e488-4185-9300-402385d56fd3
71b86853-0f78-413d-937e-2a3b61512e42,b9aa233e-955b-49d5-8755-0b29c6c2de2a
1098cc5b-9f96-4ca6-a35b-703b0d835f16,39af57fc-eb9d-4571-9f85-feceb69da83e
1d05d59f-14d2-4bf8-9653-54803c2d227f,1b0c4033-baea-4e74-ba29-4d8731bc6556
361dcf70-ccde-418d-8a3d-e44a2d553eb7,54616876-484d-46f6-a37f-8ef5ad6281bc
546dfdc9-44d8-49f3-b0cb-af90f2dd387f,47600f3d-5e42-44f5-96c5-df133de5b07f
45aca302-9f17-4595-8f56-1106c7001d1a,7d6725e3-54d7-4a92-be16-e2045d328baa
28f7de27-aae9-4385-8fab-345b70245e82,9afe642f-7ed8-4e26-877e-8fa6ad2c3de1
bdfc35f2-7d4c-445a-ae93-f7eda6865443,af7905a0-837b-4195-a4dd-3d38a9244c84
2b98bbf4-7476-4277-847d-a5ca0bcdf31b,9344390b-3833-43ad-9be9-4e6bde06f6de
f9649c90-f5dc-4ff9-99ba-87f40fc58a1d,73da48ad-8285-4cf3-acb3-6c491b92a364
db46d966-5846-45f3-998a-88665a43e9bd,c1cfa7ee-6502-4bdf-bd54-c5f4e82e2636
52d7cc06-b2ae-46ed-8475-d48d78e69a3f,d3e8e3a5-7193-4f44-be95-1d65cc7e024b
db46d966-5846-45f3-998a-88665a43e9bd,2148cb43-b11c-485a-84b5-fbdee024b1cb
db46d966-5846-45f3-998a-88665a43e9bd,767f363f-d23d-4833-a616-d967b9914fb3
17e5583a-60eb-4795-9e88-9c7db70e6124,2dd4c42e-44ea-4877-92b0-c2d01d519cd8
d73ada8a-f517-4fa1-8c4d-b98f1d7fa093,0b2cd502-0b8e-4dec-82ef-375142ab5fb9
d5916c39-9cc0-4006-8764-1f6f248ef946,ebf31b30-5f5f-4aba-a8bf-140972a6b874
a988cb3c-4ba8-4297-b775-0bc569c94f45,de5f3395-896e-47f8-97fc-a5f80851fc82
6163bba5-763e-42f9-88cd-0ffbf4de1365,8b07a513-6283-4a93-86c6-a17d84d05674
8e4b7da5-6ba6-4b51-bb45-28f3f11163e7,2f804300-e261-474c-bcfa-4799c2a67d41
7785de6e-d1b7-46b1-bcab-796caa7c2609,013cb970-d827-4f5d-8039-4424a89106f2
edaab069-b612-4206-8f0a-7dca335e1bed,cfb0a9ea-d557-4573-ab4c-f2b2b4285b2a
cd194b84-6d9a-4892-9067-58a463e535bf,db756e6f-5e41-4348-b1e0-f8a57ce4cef0
b640f893-f635-4cb3-8956-f53fd10edb79,26dc24f3-37ed-42c2-91d3-e03ee2e5b6f1
894c691a-bcb7-4dcb-b431-281a5dfb377f,f1e5d878-bf80-4b11-84e8-f79b553e9371
906d0c4c-fe8d-4fc5-9883-92cf591e3e28,c53093ce-57f2-40d0-9b01-05d87026992d
c74d57af-a471-4faf-8072-71db600366be,18624456-ba98-448b-bc02-4879acbe65d4
2b98bbf4-7476-4277-847d-a5ca0bcdf31b,9f93a82a-d977-417b-a04f-074cc669d14b
fbd9e23f-b0b2-46e9-9cc7-99ccba6d019b,c24b9f1f-1db2-4834-bf3a-126c67e01468
ee4844c9-69b2-4218-9220-744fba4a483f,8cc81906-9a2e-4e0d-a672-03721d1c61e2
5d1b4a99-8e39-4a60-b0e5-7412f68f72dc,21be0bad-ddfd-4509-b36c-656a6684ea45
94c685c2-f298-434f-b58e-20b5dca2638d,81eac76f-e169-4d91-9977-5b8f6053a3af
3d7256d6-2c52-433d-ac3a-2a1652a5fbd8,8c5e87e5-bc0b-45be-9f2f-9340b2d8e6bc
cfd5d189-18a6-455e-b4d4-4440832d3633,eeeac70a-fc36-4c85-ab3e-268f4d647fa2
