patient_id,staff_id
f5d6f6f3-8dc9-4f68-bd7a-0055380e3012,2d53dbc1-a441-42f9-b9ba-92823f81c206
af5cb1d1-58b0-4cc4-a903-5f5ce11fb473,c1d3b4c5-5070-4fb1-a98b-1e802a2cb1fe
4f6d6207-d5c8-4d3b-b218-58325c3173e6,c56f9a66-f64e-4760-b626-f4e649f48452
bc9e872b-1cc2-4256-a73e-1adb9399238c,aa290e67-71d6-4a53-b754-79bcf1aa5e22
03e8a712-3beb-416b-a0d7-a881206d1eea,ec147a38-ea4e-4d7b-a76a-c84bfb80127f
0d5459ff-76b4-4281-a50d-c269a639c0b9,6feae60c-74f8-43fc-8de0-213226f8a951
56b7c28b-15de-42f5-976f-45b92e271a10,2f42c608-a0af-40bc-b10a-b0109f534350
13263f0a-e982-4e51-a14c-af5d32c1eb22,26f8e9ef-2d98-4f8d-a316-ae9a8a55226a
82e9597e-7efa-4aac-ae03-1d11a5d90cdb,d586c085-6983-4197-bef7-32b876f9b9f2
c7f875bb-cde6-48e4-87c0-0420cb6a72a1,06814023-ddfe-4513-afd0-91fd4b0c1412
0e102c69-3235-4779-987c-0c512b742513,293a86ff-e064-4a09-ab59-f91840578a8d
b48e4760-ac10-42b3-8efe-20344538bdfc,c8101914-c842-4031-8c3b-9af80a0a7a7d
acb19e3f-9fa3-4663-9d99-fe042a4697ff,56153f15-cf0b-4771-8da1-9a70ac2a64dd
382446c0-b93d-46f0-a454-91a090456da9,19cbefb2-f57b-4e15-9dc8-7ac4a1b30535
098f4c88-0c1e-483f-b1e7-f41992835459,f9dc3daf-087e-4d00-940b-b5735603a5da
43735fe0-168e-4946-9292-f726a3ba0211,48a39ec9-1550-4176-a305-7962067e057e
1c76a779-4d6f-48e8-a000-3d9ff7a8cc3d,bba169d0-e0ee-415f-bc22-05b97febf674
4b2f1cb5-d80f-4d85-b6c5-8844dbc0cc41,0eaa503f-02b4-4313-9604-2969d5fd2e6c
62919c5a-bd69-4ab3-bd29-23bdb51b33cf,ccbe48d9-4670-45c1-98d5-0fd390b3aef2
b7452e16-29f6-43f0-bb0f-67886c4cd3bf,5248d0e0-fad9-4dec-bcbe-225ec966a3e5
4d5cd1b5-f2b7-4efa-91a5-8f99b6fb9ad1,1607790b-f62a-49b7-80b6-f7c8127e3cf4
34447033-4288-42eb-b15e-0b80bac6b68c,eb5e5d3a-2a1b-416b-a647-26d0954be42b
96b5e8ec-54f4-4e9c-bf2a-d3f8f2dcf031,66ceca07-b37c-4604-8708-9a3fefb7bf08
30bc7abc-e0e2-4ac6-a534-8f4f50d5bdb6,c36a81fb-d993-41a6-89ae-f1db9acd8262
3221d239-bc70-4533-af3a-05c90d5eec9f,e16d4fa0-07b6-4f00-8bdf-57daa45d90d3
82084eab-c9b4-437b-ac4a-fc45a3a8971c,dd25e907-a87f-4015-934b-bb5d1d994361
3350272e-0fdd-4dd9-a296-4a584155d8f9,f78b909c-b999-4284-b705-5a64a1fee0c6
1430d90f-36db-4f02-be2b-48892f2afef7,59ffce36-47c8-4f9d-b035-4a7f0716528c
a81d4e7e-4df7-4efc-832a-7e78de50d69d,eb5e5d3a-2a1b-416b-a647-26d0954be42b
9de93654-b790-4a62-8bd6-bbfeb52dff98,4cb22f96-2a19-4035-9ab2-0c9985e231f8
1bcbd5bf-a197-4abd-8369-5c8d938f930e,58f57942-6790-4f40-9a5d-b146c916fb2e
c06380bd-a2d7-425a-974f-3a8df0b8d398,daa0f717-9592-4b6a-a087-71fd01f2fe67
56f1d8ca-8766-4ee7-a07e-9c7e8fd00437,c1d3b4c5-5070-4fb1-a98b-1e802a2cb1fe
0d774708-5c00-44d8-aef8-fd9cf70d2fcb,c047099d-9a16-4931-a99a-9d37f99b378b
5cde82cc-8532-4e8f-850d-e0e82af7f4a2,b7fe4135-40f4-4163-9a13-d272b807237b
02e987af-44eb-40ca-81bb-ff21d29ae090,ede073c5-01b7-48de-9ee2-da9a8ff7c599
c029f18f-6f89-40d2-9d9b-81d0fbc4c089,1d47c630-3ee5-471d-91ce-73d10fa1facb
e80fd811-bd68-4c17-8362-337622f232ca,3ec0f2ee-38c5-43d1-8a49-b9565f9c26ae
4e4442f5-162d-41ab-b026-62ba49d4fb25,e95d3358-b0ad-49a5-8da3-679a0e73a4f3
d1326b0f-d514-419d-ac1a-1f2907e1dce7,67828143-a467-45a0-a081-114cafbd4e93
443327a9-a5fc-461d-ba13-4c2af48ef063,f34a629d-d342-47f4-84fa-c35d6f720642
4f7242f6-31e3-4021-ae65-ec863c2c60c5,55ceca25-f76c-4796-a4ed-ba50267b948c
be59674e-94ca-4d90-8286-e2f1d6f7dcc1,35276625-aef9-4b16-b3cd-75698bd75d4f
87a8427c-0f15-4351-96f7-06b90ecaa107,2cfaf68c-5061-4d9b-b03f-61038d725857
6aeed028-80fe-49fb-9aed-d92ee3876a3d,14392bce-f95e-40f4-99aa-875bf00d6c35
770980dc-07a5-4fb8-9f21-0edb64cb970f,51fab39a-2430-49e6-9b3f-1a3ea88531be
1a56d5e2-ae18-4107-bd57-87b84a352c68,337c750f-b582-45d7-aa6a-6aff232fa6d8
a0654bb6-c92f-4cc6-bb0f-40cfa5322676,a903168d-291f-40f9-b753-33db4a7ae296
b6537c70-c035-48e1-86fc-221b4c3ad37a,d82e536b-336d-4aa2-a393-6593c12a2dd2
a18ac929-d5f6-4d2c-973e-06316cd1f1c9,249c1833-9707-4bed-a138-ea099b07ecf5
38c193f8-03bd-4323-865e-bf7d775cb95b,e95d3358-b0ad-49a5-8da3-679a0e73a4f3
41804c4a-1cb7-429d-a59a-87e8cd2c0095,674fc887-6c22-40eb-8f06-0bbfa0bbdc5d
4ca1a3c9-8510-4d62-9d68-ef7de4c55132,5cbbc413-5008-4baf-bef9-24918af75ac9
b762ca83-fcdd-4827-92a4-09f6d225b0e8,6b8c1d7c-e8fb-4ab5-b966-26eace977742
2f4603d1-29ce-48a5-9942-03a2a623e683,673092ce-52bf-4ed9-b92e-c6f153671faa
c09b5506-d25b-4834-b6d2-00a011dfe808,9618711e-2cfb-4943-a49c-7dc14a64b4be
98a32f7d-ef75-4dc4-a282-51af33c6403b,1860e74b-cd1b-40f3-8be4-b1e1d0ac7ee7
131adb6b-836f-4e2b-bc55-062e03876726,740884da-15e4-4a75-88a4-0f6df805ac90
63a21825-0b6f-46cb-8305-1e8d7cc96a73,bd817db6-bd50-40a4-9e8c-571dd2c04e54
9a49d0af-cfe6-4f80-a7f0-eb83b5069a34,ae7d2309-08bd-45b1-accb-87e506fe6725
cf1e84f6-98c7-4ae0-abe4-1aa71658cd83,255407e6-43fd-4a3d-905a-90fb098b9e05
1c578ca1-dfe3-412b-82ca-cd0de4374a75,a2657984-6cd5-45bb-b52a-167aea476dc7
b60dc5c3-cc35-4b02-8f3b-8186e076489d,39398831-8dc0-4439-a2f9-6df65bd6c211
259e9885-37ff-4227-8787-77f15bddf55b,ec7bf6cc-dbfd-47ce-bd6d-f2cbf6b2517d
3b0dc254-18d1-490d-b7e3-ae736e7943c4,79d69335-6d13-44f4-9e4c-133c549db09a
22f2de48-371b-4ede-b662-c28a0b034bbc,e6b9bf38-18cd-4e91-8bb5-e48b220c7aa3
7ecb437b-d563-485e-8dce-0acdbfae7eb5,024b2ab0-153b-41e9-8014-e0fc6a4be680
d1899b85-42c4-4d0b-8789-8deb97e72199,41056024-360d-4778-b961-6cc713289d88
d78e07a9-cd81-4106-9a25-bb52b17b5fc9,d11447b7-2aea-42bf-b0f3-090be536b7d7
a0938ab1-cf1c-4a9a-bb13-49dc08911fe6,ce39d568-cd70-45e3-8bc4-f1a57b36dced
e964f53a-8446-4333-8c6c-ca948f7a5915,61a930cf-cef6-4117-90f8-eb61b6b99bd9
252c815e-942c-4b5f-b7db-3e4d523933c6,0c944dbd-4529-4966-ada1-f22524e5786f
dfa8c1c2-915f-43fa-a250-c66cf75d79bb,6125c2cc-ff99-4637-a56d-12ec4928efe7
bbfae988-ac5c-41c2-aa14-0db146dde7da,0761f042-c941-4ac0-8e74-5544b1a7bb85
8f114186-dd54-40c7-921f-312e9a057fb2,caa201ed-bf75-4c26-bfe3-8f18e1e72f49
df217e41-3d1e-4b8c-ac3e-3024c5652baf,16b31d00-f789-44e7-8401-2dfe66b611d9
d6049f4d-c312-4a02-b8b0-c7efabccc615,d586c085-6983-4197-bef7-32b876f9b9f2
9e9dd611-b727-450a-b83f-9a935b21ca05,648c0d09-8e31-4752-9081-86cfcf6efbe7
28150605-63c0-4102-8f62-2c7d0543f1b8,445ab7f6-c134-4d8a-9ddc-6867962dbdec
1244ac41-d4ab-460c-98bd-b5e9f744363a,daa0f717-9592-4b6a-a087-71fd01f2fe67
3757887e-a555-4e65-a077-94d44661df88,0f28de9c-4a28-4f1f-b7c9-abd98eee6b35
12508cd2-ced4-453a-9df6-46621bd4d5e8,238d1b5d-9131-4101-8668-ca15871f32d5
06797e72-f1aa-49b5-9e39-9b0072654432,8180fe23-8ff9-4da7-a3d8-e25b91c2988b
3eef34d7-1f6e-4c00-984e-6a53942c6ae1,4cb22f96-2a19-4035-9ab2-0c9985e231f8
a71753c5-540e-4db5-a4aa-803f1e40bef0,5f18ccce-4f1f-4bae-8db8-ed8f9ee54102
cc57c235-7780-4954-926a-5db65839e7d1,7884e292-7c85-4158-86c6-dd18d3d4746f
2ef68764-2654-452b-b869-a4d1be5bc82c,a6cb218f-a56a-4c63-b49c-8db2c9584cee
f2b320dc-b8c9-4df9-9603-077bfb417545,76c8cd03-bd08-4123-960a-a1cda4b26e77
157c0772-a5ae-4d00-b268-6ec444e1f61d,4567044f-9f79-4d33-a40b-a2a389958d1e
289f4277-cb17-4a3f-98b4-593b0b074c98,0eaf7f0b-ff31-4122-99aa-276f63fdf79b
3a0a702d-e906-4945-9abc-506860678768,04370af7-2def-4038-af97-88fdd8473580
7fb2ba53-38d2-42fe-9508-728559b4d4f2,a4c5c381-3b54-4d62-80e2-f144fa1e48f2
0f493985-633e-4637-af21-2ac4e480b904,7a6a23ac-439b-4a69-a414-d272a9addea8
5078ecbf-1983-43c6-97e5-5718855154be,0fe8275f-4332-4d68-a285-39a2be5595f5
e1428421-e7d8-41ff-8df2-aa05c7028cb1,2f42c608-a0af-40bc-b10a-b0109f534350
bf648968-fa41-430c-a1c5-529901d74b9a,249c1833-9707-4bed-a138-ea099b07ecf5
7ea4d41b-9a2a-444c-b14d-3fbd7e39458f,9cc1ca73-c3f9-4047-9e6b-4a6e7e4bfb96
1a2aa174-b2c0-4271-9494-103a51b5bd0a,35c8d766-7d00-4813-8233-3bfbeddd7802
cbd3c7e6-55b6-4e48-8197-3f3ca51d3829,47b03238-6008-4c1d-ad83-00a919bb5236
4696168d-5560-485b-ab99-18cd1b9601ac,38e5eda0-7241-4cbf-8952-58c99883b209
370e8983-33de-48f0-a20f-91518b7772ba,9fee1b06-1b49-4116-bdfd-fd8aef8e9ffa
47eaddac-d4c2-4fdd-aa96-ca99e4e9fab1,aae0aa00-4f79-48ce-90f5-e5a6bc96c89b
d46f4240-a31d-4c35-bfb4-27136557eef0,23d1a439-0568-4b20-b1c7-fe8be699cfc7
23855cf6-5a15-4b3d-aa88-85d686ef0188,438356cd-8b91-46e6-b281-cca6140c7f2b
f8bd1cdd-48c6-445c-9d38-c0e15a593ec4,fb09a9ae-117d-4919-a421-6f4238567ce2
6586d3a5-fed9-49ce-a576-c85ac799ce84,a0a12c54-ad76-4acc-bbbc-cab889c3fa2c
d914c023-f965-427f-ad3f-435e026bf530,b456f06d-55a7-4a23-beb2-724187d07d38
f3954ad3-f471-4cd5-afb0-2be3b6544c30,8359ba4a-749e-4ab0-bed2-dd2ddb59622c
8f590935-02aa-4d8c-9183-317fe51da4f7,05a7d008-c80d-453c-be48-9763ca2446c0
db49a23a-dd0c-4181-a0d6-49fc779d4f0a,b824c5c1-24b7-4333-8eea-66ce5d3057b2
df997a06-3642-4084-8875-bd6472074372,cf288278-9bc2-4811-9133-a05d7ede36b4
69f23740-16c3-4a2e-aa22-93deb2d50edf,3756bb57-d1bf-4d34-b003-44e990265882
26991a7b-516b-4ca4-a447-d1e3b95525ea,01096e6b-a6b7-4403-9cc8-0154ad602021
f09ddf5c-4e37-42ef-9353-7be72314710f,fb09a9ae-117d-4919-a421-6f4238567ce2
329e3127-f5f8-4d85-a1bf-0b89c3d127f3,8d1ae68e-3e35-4755-b87a-87f70ca90028
0def5f9e-a253-46f7-aff9-bfd260b92581,c41ffa00-f0d5-47bf-b9bd-a61f09b18d00
09c5a6fc-3e6f-47b2-bacd-ff0e4577e66b,af8d713b-39a3-4205-817e-0fe087568e52
b7286591-b76b-42e0-9e7e-4edeecdf90d8,9618711e-2cfb-4943-a49c-7dc14a64b4be
70657fbc-ac5e-48a7-8ee4-b821a77965b7,17043135-9b50-489f-b955-29c82957bdd3
20a61a88-c2a9-4665-84fa-08c2517eacb6,fdaae9a0-c26f-4044-9a54-13c8fb78575c
7455488c-25ef-4f7e-ae53-d3abad7b0859,85874e35-d851-4a78-a8dd-b96913c48e17
18ca2d81-e1d5-43c8-b227-c254b756c1a3,43506d5f-cc88-4ebf-9336-f87f5c9461ee
1bcabcea-9432-48f2-b0af-6d3eb2b8e176,255407e6-43fd-4a3d-905a-90fb098b9e05
aca9da77-04ea-4a41-b91c-b7d0d8e7fe48,98205da4-4e3e-4629-a3e5-e27194bdbb22
881a2b1e-4fdf-482e-8629-7b2bdc22241d,56ed369f-cc70-4a54-be57-4b601a336bdd
daae249a-6e5a-470f-bf0a-abbbe10baf1f,f9dc3daf-087e-4d00-940b-b5735603a5da
5e148d56-ab16-4c84-b249-4b184efaae7b,bd817db6-bd50-40a4-9e8c-571dd2c04e54
d4bcb7fd-c466-4615-9723-35d78f4132f8,55f3b1f8-5122-45f5-8961-79934713cc84
a0fecf24-ea86-4914-bcd1-809d05d3ee24,b9695bbe-1c49-4477-939c-1de2790fabf8
4a87816a-8d71-4b06-a698-82d87abefde7,23d1a439-0568-4b20-b1c7-fe8be699cfc7
541c9c43-f5a9-433b-87d2-f424afe33f15,c51fd8ff-e771-4237-b09b-5b6b914d15ce
c5fb4674-331f-480f-baef-8853a2090531,293a86ff-e064-4a09-ab59-f91840578a8d
0f78dcc8-7b52-461b-9912-1d5782d99e6a,4e286d7c-4e23-497f-b06c-6b4e12a47d45
9529ce85-6ae0-4a03-b16b-e645976d80a5,e09d7662-3f85-4434-a98e-883d014bede9
98815ba9-490a-45bf-8a74-03b5c8067c7e,3787e357-abf7-434d-8f19-386fef839534
2f984c9f-1c10-4d6d-b01c-4a2d045becc7,96af01bf-e7b8-4877-ab32-8fa520ef17c7
70f2af7c-cf54-4fc8-aea5-b3f1ed134beb,4bde7d85-4948-4507-9e58-fea404ac610b
2a48e19c-2526-4799-8b4b-378a4c50891f,80b8f93e-30c6-48f2-a344-3381ecedb49a
7bf20440-942d-4a66-8d8b-5887d395b47b,f5edb30e-78e2-4f6e-a72c-bc31309a9553
79709bea-5fa0-4dca-939a-bf670fa4ddb6,5bee374d-a2f1-4b30-9bb3-68eb5dec5c0c
f2b6cc5f-09bc-43d5-a3b7-c18766c206c3,7dc14e77-abd8-4e76-bc92-0bd626ba22cd
8416f055-9bde-409b-98ff-a3befb0cac76,d61880d2-8458-43ba-8b91-dfade9e74342
128a205d-6355-4e24-9bee-5b128cf9a190,a5f4aeae-6896-4657-99d2-fe9f506079ab
f1b2f2cd-5978-45b3-898d-08d052178605,778a257b-da90-460d-9105-2222ce442d41
639d7555-ad95-47e4-bd16-ef8089f22980,b80caa7e-e2a6-439e-afdf-ac2ec43819f1
667b7a27-93dd-414a-b11e-41de0c7e9f59,3b80ae16-8520-4d64-b671-27cc95ed33bd
17c8c3c8-f4ac-4e7a-81bb-46b3135647cf,74a53410-801b-463f-ac56-83b00da1882a
c370eb04-8b67-4151-ae6c-8a09a72e20a7,9e501a59-4638-4766-9287-542e5eb56ffe
f91aab59-97c5-4da2-ab11-d09ab3eaba15,a39b3ada-84fd-4e1f-a5cc-5ec785b178d7
fbd8cf7c-dedb-47e8-9967-82417c07b92b,c8101914-c842-4031-8c3b-9af80a0a7a7d
79c8830a-a652-4c8f-b9a4-84d72fd36be9,4f2cba64-1f18-423e-903b-14eac3ddf594
fe81c930-b304-4aaf-9ce3-62b7eade5562,7a6a23ac-439b-4a69-a414-d272a9addea8
2423eaea-db89-4b2f-9da9-ef9b00311079,bf489006-4f81-4143-bc0c-9e3f944da893
01451549-7a50-42b8-93d3-84cc77bc933c,56dc25c8-719d-45ac-9ff0-bf9967589782
12e4f41d-f256-4399-9162-869350f9b2d3,d505b424-1c89-4c9f-abd6-762a3031d7ea
2e4e8577-1cc6-446e-81d6-abc5b965b31d,22351dfa-ef31-40b0-8314-122227e3bfe1
ee0a5b33-88b4-492e-9532-fe399bc370f9,14b6e5e9-6826-41be-b7af-93b675c6023b
2d5ef900-2240-4dac-9579-8f229019747b,c496613c-b9d0-4bdf-ba13-fa4089933358
53727666-9c35-40df-bee8-33dc9868956e,96af01bf-e7b8-4877-ab32-8fa520ef17c7
5a179f27-e7de-4c4c-8fbf-cec5f197aad5,6739dfc4-8d86-486b-bc89-4eb3d82f17ec
a5f86e3c-dd60-4b1e-8fec-b198129f0581,902c1cbe-5198-4533-aff9-45ff1cc81c1b
eff39fb5-0cdd-42d3-b43d-419fecc396d8,9ba0902f-8b9a-4571-8352-d4749a730362
ce32cb13-c37e-47f9-ba24-c31fe4044eef,8a9e1c2c-1daf-4e51-a312-67ab23e63b0a
4a540942-201c-4311-9685-69977b7e57db,778a257b-da90-460d-9105-2222ce442d41
53148db0-21c0-4150-bc9b-035cb425df7c,bf489006-4f81-4143-bc0c-9e3f944da893
bd1f78ed-5a39-4ca3-b2ee-b49c6819bd92,134618a4-92ed-4771-98c7-99ef7da9051a
fb605fdb-1532-4843-9368-bb99f8374df0,1bb5db73-7f70-4ec6-9b7c-b6f796773377
0fc32464-a734-42c1-930e-a3e346acaffc,f387c1b7-e6ab-4095-9e74-374da30664bf
5eda01f7-dec0-4961-bfb5-55ccaeb0849a,96e66f38-720a-477d-ae4a-f5a94a11d574
2e71958d-9367-4552-8af0-4f38f6d96aa0,47573716-657b-467d-9310-69d52ec10ac5
46760ee2-edb5-43f1-a661-ee6abacb798e,de0eacb6-f91b-48ab-984b-092690d9dd2c
3238ed94-c770-4d8e-91b6-61f9032208f5,fbbd2d5e-6742-4e03-8a23-a446defb1ba9
c73e9487-7f25-4981-bdb6-8e063f71e071,1da4c579-ff70-4fa4-81fa-5fb286da7100
364340bd-cf18-4eff-b5f3-88c5ab51f448,ba5ab25f-9e7d-44e0-927b-4cd8ae3895b7
e6bd6013-fd6d-4e22-8a58-5181b7aaeafb,ca5a049b-33c1-48bd-9f92-260b558b5ef2
bcdcd46a-7bfa-43fc-92c2-ddfbdfe43480,690e2af5-372f-4491-9d87-12faac068f1f
ca2385b1-787f-46b3-9861-7b572ddb3d46,4601255d-beeb-417d-9355-61c35537a64b
ea8d9835-68e6-46fd-a23a-5ef0c2ab0e99,319defff-666d-4422-866a-16563dbeb13f
eb4e7a17-d858-45db-aefc-a0c4c287efe4,d2e850c8-972c-4286-ad9a-00db2dec9e0a
ec09b169-9ed0-4965-97d4-35aca58b161f,5501db3e-3ccd-4060-a77d-8c804288993b
af6a2ced-5571-4672-ac2d-2ccf6e7bfac1,0fb6599e-8a5e-4424-b02f-4143d8b56a72
eefeae8c-089a-4285-9b89-5af5a3e210dc,5e6e82ca-6d1b-44c5-87aa-32064f265e0f
ad50bf52-b4e7-4c04-995c-0c97f1a4181c,95c955b8-25b8-4b6b-9642-4107e6109837
e8de369b-e95f-4c7d-924c-debeba639975,3ad6d67b-14c1-48a3-aaf5-7977b7ecdfe5
c2127cfc-1820-4dc2-851f-0eef655f1274,66ceca07-b37c-4604-8708-9a3fefb7bf08
85898f74-6b46-46a7-b47d-c356ddf1e21d,e23e2a7f-875e-4d41-9fc4-e23ebf594e0b
f1a8c945-d604-435d-abad-bc757ec63cbb,23579df0-9df8-45cf-badb-858114f57f19
b71b79c3-05c0-489a-8e22-28d665a986b5,ce585d0a-8898-4db8-93ca-8efeaeff750c
9786d1d3-6933-45a1-9705-63ce264e72ef,cab6079d-cc65-4e7d-94db-9551cf19a06d
9bf11f4c-56ac-4178-84bd-1f8acebae978,05ca8d2f-dc89-4152-bf37-245d68c679c7
806db812-5081-40e1-99f4-c793cc3b65e7,7705f621-da99-488b-ab45-0cde04799d9b
d42b2c35-b108-417c-afea-ec68d88461f5,219b2d2c-75d1-4dbc-88ff-a77a3579953c
26d283e4-f439-47bc-a7c0-a9f33e457999,b33e3ce4-7942-40be-a139-2b003755377c
c553fd73-eaa9-4ce7-a46a-3d64fbb6ca4e,6638ae56-6b81-437e-a724-2ca7c865897f
e7ab15e3-9cfc-419e-b4cd-80cbb7f65831,66cfbdb7-5d3d-4d5e-8287-d7f193e87017
750c0453-5a83-438c-a948-18f2efe7fdee,219b2d2c-75d1-4dbc-88ff-a77a3579953c
92fa9803-04b9-42b1-9db9-a74849d6c1f3,64c9131d-827b-4426-950c-c114ce110544
424b360a-5edc-4d09-8be6-7fe40e39437a,a849be99-2909-4358-a956-c11176cb5939
9c481859-4ed0-4528-a09d-d6409e931ea0,1b3f39bd-2c90-4bf5-8756-684b288c5e86
62595103-7682-4c1e-9590-1053a1c3e2ff,b6e70191-a916-4240-aaf6-f67f7a18c125
9459995e-c29c-4671-a36d-213167e75db4,fd510766-3108-4548-a523-100a93962811
fc3dbdcb-fcfa-47ae-a7aa-58954f666a35,20c3fd96-5aa0-4bd0-ae7b-d8862abaa08b
f4835158-8aa2-4138-8b05-b1d02f3a956b,bf559841-cbf8-4173-ba65-23d98673524d
e4a6f9d6-81e4-4cb4-a4d2-89f0e46cfce7,d0031a8a-1eb9-49db-a2c7-e313291ea5dc
2a8a7674-8e8f-4bae-a511-c28e08fcfc1f,161797e3-47bf-4329-9822-f8984455f43d
a82240bd-d244-42e6-84c0-2da4482acbbf,26f8e9ef-2d98-4f8d-a316-ae9a8a55226a
21465ce8-b7da-461c-a5cb-1255c1476241,fa15167d-67e4-468e-b492-56146015720f
bc69aa78-b901-400f-b7cf-7b006ef10545,4238cf34-bb6f-4f52-abf8-9175c4c096c2
c24c4711-a572-4a09-9724-52ffe53ad52e,a87a02a7-5baa-436f-a28b-e227bb801132
28d363a7-52eb-491d-beb0-cd1ee80790bf,c3c20e33-5594-49ed-9480-5ec018f536e5
b979c697-a017-4fd5-98b1-4a9cadb31750,0c8f5131-73d4-4436-a0d5-25e906a8501e
84a420e0-1d8c-4ce6-a878-ddfed07ed228,fbbbe057-e761-444e-96ed-61c3e718908b
88c0388e-7c73-4098-a78d-55228070133c,9cc1ca73-c3f9-4047-9e6b-4a6e7e4bfb96
68961d76-214c-4a68-a910-629739c7d264,15d5dfb0-6373-4ef0-99a0-d1b32d4dccd9
8d54c645-b486-43dc-b976-cb22726d2337,5e7f2d26-255b-47bf-b6dc-503e67a3a36b
2ba77cd2-bac4-4cfe-973d-2b0e411f7376,cd1f94c4-f74c-4a62-9746-8ebce087aef2
de7843de-1267-4ca8-9984-fa0dfc7f5a94,35c8d766-7d00-4813-8233-3bfbeddd7802
115a85b3-15d0-441b-82f1-4c5446c73ef5,be6dfd53-22d7-4888-8204-dec892363e06
da74f0df-d402-45f8-85ca-15ec348bc15b,c496613c-b9d0-4bdf-ba13-fa4089933358
f53d40dd-5349-47b1-81e2-f13ea5812940,2db8801f-a335-42f7-9439-b615e5534b8e
a379cce3-b4eb-421d-b29a-4accd338d068,6105d0b1-3dd2-4324-af72-9700d9896a09
d41eeac8-f1c6-4fe5-93d4-ac82000180a0,51831664-8623-4c1e-88cc-8b1ae5dae646
74fbdda6-5717-4e60-90d2-a38610640eb8,837aab14-4826-4752-a4d6-c2ab03e7d706
72628f4e-97a5-4f7f-8716-5b4c73271c86,ff8f9dd7-4c2d-4dfe-93b3-ea6d890db90d
b8d81b94-f31c-4a4f-bfb3-21efae9faf7c,1f7e5eec-0ff9-4109-9b23-30db0d19ff5f
60de5d6a-8938-4257-bf22-a6f8a945f0ba,7abccbda-7985-40d7-8b25-57dcb0a3b889
d3eda09e-c711-4e92-8c17-13ba0adf4bce,b73ac71c-2fac-41e8-bd14-c303dde2e68e
2f34f33f-2a6b-4f3f-9b6f-36b4f47b80c3,7bd1d1e4-e226-4563-9ac9-41e68142e44a
1a646fe0-d9ee-414d-8358-9c9f143affb4,673092ce-52bf-4ed9-b92e-c6f153671faa
c984eb2e-1aa9-463c-8b9d-308c571b01bf,b31c0e6d-5cba-4d50-937f-e106f1397ea7
7c79d4e8-c03a-4a17-9cac-8bc89d195f3d,29b9137e-0637-470a-a6bf-f36b3559c452
57d8d364-d5f0-4824-9bfd-3963ad617183,9b732531-610f-4b30-b2e7-99c068d803f1
db7c3b45-c64e-49f6-936e-a341d99eda8a,129c8eed-872c-477a-9547-f5af7836bea7
db2e8d18-490a-42e7-adaf-5fbfa8dc09e7,0eaa503f-02b4-4313-9604-2969d5fd2e6c
1de3fe80-199e-474c-bdc1-696e2bc169e6,10cad1ea-c8dd-4753-af6c-3ac967dcfdd6
c4f9c321-085b-4c22-8e53-45e77b99b8c1,d8b63195-d1e3-4a1c-a8eb-dea99447a74a
084f8a24-ee93-4228-9eb9-e0d92b3cf849,293a86ff-e064-4a09-ab59-f91840578a8d
f2a74211-1b01-4358-8df6-1f6837628458,a93c1b52-e5a5-4a4a-8628-35728eae8b4b
2474fd25-23da-48be-bfee-8ded65b91e81,7801e5e6-ee61-4e14-ab15-a3788885f2b7
3fe2ce69-c85a-4787-b990-dbfd0013ea43,aae0aa00-4f79-48ce-90f5-e5a6bc96c89b
1d54b939-92d6-48da-a773-00f61f4860d6,c2899c3d-84e7-410c-8067-87bebaa1ad98
c68c1196-dba1-408d-b9ff-ae147741474a,f6e31a4a-c674-4241-a8b7-78cd914cd6d6
c176f1a4-c61a-47f2-9902-0f9cb6b905dd,06752513-fdaa-4cd9-b85e-f2eb177bbd63
30ca41a1-f0ae-45ba-b8d9-fc009e308109,2cfaf68c-5061-4d9b-b03f-61038d725857
745f30cc-2680-467f-a6f6-49ad38387842,87eea070-0290-4d9f-8d6e-ab5db94f41c9
4f71fe13-d036-42ec-ba70-a4e4c584ddea,85874e35-d851-4a78-a8dd-b96913c48e17
d4266c9d-9540-4b7f-95d5-dd471c90f0b7,93e67719-ac44-4e78-b270-a925fff9110d
96fe7b73-7907-499c-9ed7-3945841dad57,37990938-9c28-4521-8ca2-c61096637a93
30cd3fe8-1644-4477-b529-df04ca81ec96,e0235ebe-2af2-422e-a9b5-25066ecdbe61
0e697245-ea35-4283-b7d4-3e5b536113d4,d14f4ab3-782d-41ab-af66-bb62445b8306
3f92a1fb-1caf-43eb-9929-ec689bf9a1e6,ff01c14d-71cf-4026-97c6-7566ea1ace1a
e7a43416-4c1e-4652-9b43-e0e9afea0f6a,db546237-e9da-49d7-a507-fa2f42e5c55b
4ab81665-1d0f-408c-8893-a79b92b7ac6a,1f7e5eec-0ff9-4109-9b23-30db0d19ff5f
2a482ebd-cf22-4bc7-ab3b-0c89f74aa5a5,723730d1-011c-4c7c-b095-ca654c2ea4e4
403bfa42-448c-48ed-9f7e-c50c28d7a5bd,68e9301c-d7c5-454b-9ab2-b51cede8af4d
ca3cc9d8-a87e-493a-9ffa-14007ae77a8a,4e8e6c13-e72e-4e5a-bd30-0ee0539de1d7
7d97a3a1-d010-4856-903e-63e25849fa5c,1b19591b-76b0-4e49-8466-2a0b3e0249a5
f5b96fa3-33f6-44b2-975c-61d7cd3da54a,ec7bf6cc-dbfd-47ce-bd6d-f2cbf6b2517d
fd148468-2823-43e7-ab00-d21bc81e1279,c2889d88-3192-4b31-9a17-91ec85e8f259
1bf7c0e4-c2fd-4de9-afab-766c15860618,567d19bf-22c6-4d0c-afec-ac9aca88952c
4bde5a32-09ca-4a70-b26a-32331621561a,1898f0c9-5b3e-4e94-bbe9-7b15e45907a9
32df031d-1158-4c4d-9426-8cbcb417c28a,51a07ebf-2b45-49a0-8cf7-48102b5b35b9
04641ea4-f3f4-4c9e-9886-c4dc79145440,08fca112-e84b-475b-bcb7-bb9ea91e34f4
3958206f-0cf6-482c-8b51-05401b5b5341,f37553ae-dea7-4f7e-818a-9adc544e2dee
609e8e77-3345-428f-8c1d-789487475f64,2f42c608-a0af-40bc-b10a-b0109f534350
6bcacdf9-5cdb-4834-9478-65f5acbdbf5f,b5264844-4125-4988-9371-7fa410ed467f
e8e57582-5749-4eee-a3ee-f4262256c5fe,255407e6-43fd-4a3d-905a-90fb098b9e05
25bd6bfd-f135-46aa-a903-5efc8a43b5c8,2f2d3d9e-adfc-4148-819a-f38dec2bc697
e1f07d44-27e6-4c40-81ee-c927c6de2ba0,54f10b1c-fb49-4030-8852-944e6aea4ea1
52d8c17a-b8c4-4518-ac19-1b1eb85466de,35a4c046-ac5b-4daa-976c-0d2b5e55ef30
a7663f48-543f-40ce-979c-ef2305c62e73,dd25e907-a87f-4015-934b-bb5d1d994361
6a92907e-84d7-44c1-b4b5-bdca4838313f,ae2d08b9-2475-4c50-ba6f-fd561cdc0130
2dc4c27d-d712-4196-a4dc-7067e14e78d0,ad27ba59-55c4-4b84-8d6f-019f9c712cf8
55147ce9-369b-4050-8fff-d651ff4431a3,38f82952-998e-4ff1-a2a1-c13b21fb2d66
0707a1e7-47cd-40f7-a87e-efde80d0c8ac,0fe8275f-4332-4d68-a285-39a2be5595f5
6ca2e63c-f989-4954-9c70-629e7f81d087,510784a5-a09b-4b40-9ee1-52e15a6118a9
b1b921fc-e26f-4495-84f8-c3dc941b1db2,c2889d88-3192-4b31-9a17-91ec85e8f259
d673f8af-9340-472d-849d-b3c800c4027d,68d047a6-2654-4397-8171-784eab9d4ca9
50107194-4550-4930-acfb-dd2836129fa6,7089974b-07a4-49e6-a52a-41305f22b985
c08cbed0-8196-4333-9f35-a386c9101941,721c94fd-090e-4784-8e6a-f2b35bd89e4c
5cbf6b37-fccd-4652-9ff3-95c4ad9a5f14,96de2e5d-7cba-447b-8566-a9fe0ccd660f
260a5311-4836-4149-8680-6b6e53c8205b,26f8e9ef-2d98-4f8d-a316-ae9a8a55226a
df4f287b-b38c-483a-850b-1bcd3710b6cf,17043135-9b50-489f-b955-29c82957bdd3
539a7d30-4c6a-4baa-9cfa-37e4d6ce0e13,0c8f5131-73d4-4436-a0d5-25e906a8501e
1b7c8696-62bd-4753-a9ea-5584f6ef5668,aab33704-1ad3-4f15-b1a6-6ae9d5d355b1
b2475c1a-4931-4590-9724-904405e99941,b71886fe-90f6-48e0-855f-9dbd9775164e
b8c38e4e-a58f-4158-8011-efdb5f053206,fbbd2d5e-6742-4e03-8a23-a446defb1ba9
82219d2c-6b9e-4ba6-aef2-1a0669c03829,1d2a9a96-3574-44b9-9bd4-7203d3b541ca
7c0126e8-6ddd-4887-8f74-3b49104e0493,5248d0e0-fad9-4dec-bcbe-225ec966a3e5
a036ab14-d966-4f64-b2c9-b37c13fff964,76fd3e73-2e07-44dc-a970-799d375d82cf
adeac734-bfd5-41a4-8787-95a974eadc4b,0e3883be-6f5b-429e-ad46-7bc5c985d91b
b7d7df37-328b-42e5-a944-124c13b84b06,1b18dc23-5556-4729-9698-c20c2b4f2096
fc65189e-a89b-408a-8693-a99fbc624382,ec147a38-ea4e-4d7b-a76a-c84bfb80127f
24dbad1f-37b6-4e0a-8f8d-3d6033a896f2,96440ffc-6fd6-4f86-a9a4-e709e9d0c6d1
4ef09f4d-f3b5-4969-88fc-5f3530eb1c48,56dc25c8-719d-45ac-9ff0-bf9967589782
7228f480-1f25-4986-8878-7d4be5acbe41,ce585d0a-8898-4db8-93ca-8efeaeff750c
ceba5243-5075-4baf-bf0e-8a3597b35ee2,cd1f94c4-f74c-4a62-9746-8ebce087aef2
e839ffe3-a9bc-4590-934d-ba71b9b7b671,b31c0e6d-5cba-4d50-937f-e106f1397ea7
8435eaab-2385-457d-aff6-32fd9276a1fa,c6c519db-4414-4747-90be-02f0ca64bba9
708ec62a-c3ff-4f5f-91bb-a681da140bb3,02beefe3-6871-4b9b-806e-1e103c443ab5
07d37561-858c-40c3-8f2a-ae9080de4f82,4659a6b0-063c-4879-b746-423cb30e5cef
64e971a3-8565-4630-9b6d-45a90bfae16a,3b80ae16-8520-4d64-b671-27cc95ed33bd
5c225cad-c0a8-4a15-ac8e-8f1f3ea9f83d,f3adef23-5c48-4f35-8e16-b64fec3e8c58
5916dd8c-a9ee-42ee-8c15-6cc4d876066b,391b64eb-a7d2-4a8f-9455-e3fbc904c2a6
a8d713f5-8910-40e5-a288-077b8a51d97c,66d7fc26-a40e-463b-911d-22b2cb3a3949
0ee82797-42cb-427a-82b8-bab96527219c,c3328592-fedc-4279-94a2-8a8f92a736cd
95abb545-b13a-4246-b71c-518446513e00,7884e292-7c85-4158-86c6-dd18d3d4746f
5519f573-e6db-4a0f-a528-c2b58322a115,0f28de9c-4a28-4f1f-b7c9-abd98eee6b35
e3e3f5ef-c479-4160-bb7d-4273bcf848f4,e33b6bb1-7375-44a7-b7dc-6568c1013953
fb9d64cd-c56e-4f53-a3b0-f35497bf3bd8,a4c6f768-954b-4b2f-8282-2236bcdff043
d9b1bf28-c1fd-44d8-a60d-21254d309d31,1bb5db73-7f70-4ec6-9b7c-b6f796773377
d42fa228-2017-4c36-84a2-f633d2bb721d,cc838c27-7829-440f-a701-dd43f3484fc8
495ef52c-16cd-4090-8e56-448989e9b0ce,aeec4b58-4d25-4272-9461-01fd4203322a
c3342fb2-9db3-4a67-812e-cc6bedf8132f,51fab39a-2430-49e6-9b3f-1a3ea88531be
30095177-4ae0-47fc-b449-a93c98d790e9,d505b424-1c89-4c9f-abd6-762a3031d7ea
97bb24b2-d16f-4445-8d14-ef9c27b9e5cd,06814023-ddfe-4513-afd0-91fd4b0c1412
6bae41a8-9682-470f-9258-87d530f17a93,730f8fe2-8b00-46bf-886b-3b4196e8dca0
6ede6c47-d7ba-4dd0-b8b4-671fdb2097ca,b7da3166-d387-4a79-b423-1e2bd8ba2e05
bb86b7f5-076c-452f-a859-61013a3d1579,750b4bed-7a5b-4fab-ab12-f5758a7093b8
3440c835-ecce-424e-8a87-58a0326b7f5d,c047099d-9a16-4931-a99a-9d37f99b378b
3ee16c19-feda-493f-ba39-dc38bb812d5e,04dda509-0d92-4d80-9fec-43faccedfab0
027e1116-8a8c-42a2-b66d-785ae517ce24,5d22d877-5e51-4c2d-8585-ce25f7f8fe76
fc0ca273-fa1f-4379-be4d-27a240fecabd,eaa39011-da5a-4de0-8b98-061b5015d494
b13bbc52-2adb-4e9e-87a8-ba4d4d94539d,56153f15-cf0b-4771-8da1-9a70ac2a64dd
7784d299-a53d-40fc-9a2d-a5f076e5ea54,f6e31a4a-c674-4241-a8b7-78cd914cd6d6
8571c8cc-142a-4f8b-a606-4c23780e0807,31ca2c56-8c75-4fc8-aee1-ec3e88989ff5
383cb4b1-f6b0-4c9c-8f74-5a261b61d1cf,6638ae56-6b81-437e-a724-2ca7c865897f
d28df0d6-5c3d-44fb-8367-478cdb8482b8,dddd6983-0503-4377-8f6f-059ace8e5aa3
27ac9fbe-1345-4ebe-8127-d23f82f7da07,4755f613-a861-4d39-b3c5-47be989d5951
299e85e1-5916-4d1e-b61a-51e2fc24732f,6feae60c-74f8-43fc-8de0-213226f8a951
28d48d12-042e-4051-a44a-b91da316b8de,ceac053e-cd21-424b-90ad-f664c81f3458
b9825f34-ae3d-4976-ad31-4550fa8f35d5,01096e6b-a6b7-4403-9cc8-0154ad602021
677c08a3-86af-4d20-a181-73d35cf872ae,f9556ca4-7079-4193-b03e-a5b91f5967ad
948ed51c-a2ec-433e-b607-8847d33e0d30,b4cc0f35-e607-4815-807b-12b1ba7d94a0
f784d358-ee54-4c59-9b6f-7ca0a5a965ad,3ab3de8c-ee36-4ce8-b638-9f22ab919802
c5625344-007e-451b-ad9a-6ca33e6ab887,883b158d-2d35-4b59-b14e-e564fcd94e1b
5a721f91-04e7-43d5-93f1-f68e0a149fd8,c56f9a66-f64e-4760-b626-f4e649f48452
ab739afd-430e-4efd-bb03-90f151e8c640,1f7e5eec-0ff9-4109-9b23-30db0d19ff5f
dc021d08-be46-4271-afb7-98ec8bf1bc79,87eea070-0290-4d9f-8d6e-ab5db94f41c9
8ae61088-da6a-48e8-ba7d-05d026c181e5,9d814541-9f68-4f41-b2e6-26267529a9f6
365b79da-1da2-4709-b621-568e7ce83a4a,8d59544f-b704-4fc0-84e1-e75ce6c34322
f6ab42b3-e87d-4585-a367-d2ed70c83cb0,13152f22-451b-4b2e-9bad-e75f0ef7d29f
8ec5753e-33f6-49ea-819f-d48ebf039b81,0541a4e2-0fdc-4245-bab9-609353006e26
122d2ff4-1246-48df-9002-bdf954b3b09c,19170b0b-4d63-4fee-a44a-a00711a44a91
c4e430b6-8235-4ad9-b6c2-3a7597a3b56a,8349d824-e173-4fdd-9ba4-a313f7ce1420
d3baf6b4-f084-4c3a-81b9-910182843711,23d1a439-0568-4b20-b1c7-fe8be699cfc7
5742aa29-161a-49c6-98de-6e3efc5135b8,81075bdf-96f3-470b-a07f-52940d79e81e
db953465-cba9-4131-be3d-bbf32e12431a,ffd766b6-551d-44fc-9724-6e9b98616311
ebe1dc65-dbd3-4e8b-8501-4b41953234c1,1faef81c-a368-4d1f-a749-f0e593b324c7
9adbf610-340a-4d6e-b0fb-bce42b4a135e,32725933-0870-4503-9a92-603b909dcd02
80389f1c-9384-4fb4-9043-b60f545507c8,2e32461c-c19c-4a0e-8722-be1b7e9ebe5d
9904169f-16d7-4b3c-bcd6-f08ad4c11a4e,96440ffc-6fd6-4f86-a9a4-e709e9d0c6d1
9fe5d469-b63c-4d93-a38b-163c24b80097,f2e28548-863f-46f9-b885-d2d631d774df
400b27fc-d3de-4437-b21d-d6f565d589d5,b820aa49-615e-4f5c-a570-8e4978b7fbd5
fdc2792d-9791-4f4e-921c-cda6b9f53ed6,3d2b3332-e211-4ed1-96fc-dd6bf4d75b22
19dd3b96-a629-41a7-8cb2-1f54310418ef,8caf4002-3fb2-4c2c-9610-e6ca8cc07557
4212b28d-905a-42f2-bcf6-eb5fb637b8bd,bf3671e3-6c7c-4372-9b17-d41db6184b3d
e3475b06-8253-44de-90a0-e63d008b0a8b,fbbd2d5e-6742-4e03-8a23-a446defb1ba9
dfddcf24-c599-4d29-b71d-d184c97559fc,66ceca07-b37c-4604-8708-9a3fefb7bf08
104ea916-5035-4d1c-a54c-ef8c1f7282bb,ccf09ecc-396f-43ce-bc38-4d0e46ecafe1
eb468d49-3984-418d-ae72-d88ad86eb106,a2b1bd20-4d87-4df8-bf68-b3532351c635
09f273b8-50c5-478b-9bec-11907bfd1035,562deabc-889b-4566-8b96-90bd0cd882c5
dc6e2d7e-8d8b-4f5a-a7a4-76c393834eb9,ea206180-0725-4aad-8dd3-8591f9a60219
0fac5403-5d8b-4a82-ae94-33c249a1fdd0,6aa7e31c-cd47-4f31-99dd-6760b0261baf
c4df6874-df36-468e-be88-c006b7960ae2,321ca879-60ec-4982-b139-3755979aa2f6
683186b4-14c3-408c-8d47-ab8fe0b62b0c,6cdf53f5-f062-492a-a071-a633f3138244
285a1582-d8ef-4683-90b6-1a665b3c40a2,b31c0e6d-5cba-4d50-937f-e106f1397ea7
01cc9110-2ade-45f6-9aca-03e3c8f0d3dd,b80caa7e-e2a6-439e-afdf-ac2ec43819f1
b5758c1b-685a-4bbe-8625-001099315f8f,6e5c5e20-75b3-4261-ad4b-6145d295f9ee
6a476394-11ac-4e59-8b58-7114f9be71c6,1f7e5eec-0ff9-4109-9b23-30db0d19ff5f
c456d6d3-c16b-40a4-8044-831eb4a033cc,bfca8c14-fe50-4d85-9b48-5fc07f741949
6bf473ef-89f0-450b-8e77-e4be60d1aea1,8992554b-32f9-4f12-ab2d-b30fe2f9cd43
786fc9a1-9978-4877-886e-f88d8e5b7353,0ec21675-4772-40d4-b192-763841f69d6a
0142bca1-a544-43f2-b150-51ee8d0d1736,8497181f-fc34-486b-8713-f7ed386823de
89584d95-58a3-40c3-bfef-9724ce2946ab,af908b52-e32d-442e-8c80-e4090d028f63
c6469cdb-7f8f-44fb-951b-ed12cfc01c0d,ccb51a0f-22a3-4677-8b6a-840707fa862e
68340d36-b933-4588-a97e-e9e49b20bcd3,0501458e-b183-4c45-b598-6f2c0a56b22f
d4ac7be9-82cb-4f52-886f-1745fc3dc6a0,740884da-15e4-4a75-88a4-0f6df805ac90
034476be-8193-41db-81ec-5801dccd4af4,31a80d0f-314e-483f-83c4-0fde400875fd
09129e12-9c94-490c-92b3-a9ad6d5da61c,2d47d398-5893-433c-94fd-8a38049c217e
d4b4996f-7387-40b9-9170-fb49ecb1f161,161797e3-47bf-4329-9822-f8984455f43d
7d48e4fa-55f3-428e-ace6-833248d00ed7,d0f9feaa-8c82-4871-bf5f-56cc997ffd97
269441eb-04dc-4833-8efc-f9c21b563b57,16ed7ebf-65c9-4bbd-beb1-8fcb075f6ea5
4685eaec-265a-4496-831c-9369f21685b6,489afb3d-07ce-4be8-8770-7b585995d09a
a7590888-bd77-4009-a585-9fc799eb8541,f93c8c0b-4cf1-473f-918e-5a2b70eaa7f2
f456f3f4-f2b4-4d29-9d9c-b94c4ec35c29,ba5ab25f-9e7d-44e0-927b-4cd8ae3895b7
c8d36b00-5f09-46e5-9fa2-0db148804002,ba1b283a-7738-40f9-b54d-7427dcb38378
68c605f9-ee26-45e6-a79d-284a1d244e8f,7f616b66-f8f6-435d-8e38-a8aacf25d32a
bf1c40c1-22a6-49f8-b1a8-57b5468a36a4,6496f52f-cb02-45a9-a658-988ef02466e3
25f6859f-a4b9-4938-b3af-a2e9b9c9ef73,bffc2853-69a6-4f4e-8da6-749c31eda098
63ce6c88-dd60-4eff-af95-2f2b87e51b54,08fca112-e84b-475b-bcb7-bb9ea91e34f4
46e3f373-1177-440f-91f9-1310067498a4,462ed215-66ff-44fe-a985-4adff2b0eeb9
e24b66f0-53ac-448b-8e78-b0e34efe4fe9,31922ed6-673b-4a8d-9e0b-6161379afd2c
443b2959-8d19-4266-85c5-816011e2119f,351665ee-ea2e-4edd-a21a-4beb8fbcc86c
465fae52-3c30-40d1-8ff2-57f7319f20c4,d71c38fb-fb06-4ab4-98c2-1075a320b9b5
5dee7e45-f215-4baf-9fc7-424ed75ba7bf,59ffce36-47c8-4f9d-b035-4a7f0716528c
afbfe469-5067-42bc-b4bb-1ccf2a8a0b96,9e501a59-4638-4766-9287-542e5eb56ffe
f3a300a6-4a76-4b70-be1f-1febe14810be,56eca8b2-35d6-4650-9176-cfeb48495c80
4d848838-666b-40d1-9136-7375a9707368,6f0046ce-2967-491f-bc00-929705470717
4bc98647-94ab-42fe-a65e-26028e39acb2,202ab9f2-7e92-4add-b7f5-426a9d515dfb
a1311de9-7f71-4f4f-a483-4567b4b0fdaa,0de0d597-bfc6-44cf-bb95-44762f554586
bf4737e6-239e-42b5-8fee-bdc576f3c3ac,0d084d9c-f797-4f28-a079-a9f21718b2f8
53e8c1a9-733d-4f79-be03-6c6208b01cb3,451ba14b-4ecb-47ea-a8cb-0cc2831b2635
0fa3a43e-5dc2-455e-8cc5-0304d6a6a6ad,9e568b13-2496-4087-ada0-0fe204c3a00f
4f72b5e8-f4fe-4647-9ec2-9a91c9f77a1e,321ca879-60ec-4982-b139-3755979aa2f6
87d5db3c-d2c2-44e3-8083-b1bb5e01935a,7149d56e-ce67-4348-ac0a-57cd06d4420a
3c1a3242-cd4d-4826-a620-27abfbcf9389,0eaa503f-02b4-4313-9604-2969d5fd2e6c
6617726b-d862-4550-956e-703c1655945e,6cdf53f5-f062-492a-a071-a633f3138244
af34a33a-3af5-482e-ab66-794cfd69f08c,d505b424-1c89-4c9f-abd6-762a3031d7ea
0625589e-8f21-425f-88df-aaa19731bcfc,15d5dfb0-6373-4ef0-99a0-d1b32d4dccd9
ad071028-66ad-42e4-a307-ad1709634573,61a930cf-cef6-4117-90f8-eb61b6b99bd9
528ff313-6e6f-4601-8eea-43f25f5de55e,c1d3b4c5-5070-4fb1-a98b-1e802a2cb1fe
4a026daa-7ab3-4e8f-8cf3-0f5eacf0fb7c,67828143-a467-45a0-a081-114cafbd4e93
c1aecd6e-abb0-403c-b890-f9536bf5ba8b,e74ffc9d-0138-4709-b8cf-a14d38b0e56f
b3f4b00c-561a-4e42-82ea-5429a848b959,8a9e1c2c-1daf-4e51-a312-67ab23e63b0a
6b4b30da-7e33-4a0e-9c49-e8a2098390fb,06884dde-76ba-43dd-8c2d-feaf08769616
6177397e-a4ce-4454-b9ef-68d1d8207ce0,d7d1b89a-1186-4d07-91d4-294317dbc935
6a37235f-eb4f-488b-a59b-715dd0b4703a,d1645226-a83d-472a-bd8c-76f50b6bfb42
b35b7533-dc06-43eb-9ef7-b68a20cd63e4,9298e0bd-e919-46a8-b853-f03ab3fbea77
f8b96706-cd5b-420f-a04b-15aa2f4f2958,e5cbd4dd-622f-4804-a52e-7c9a754ca5e1
ac1f0059-8a1a-4141-b61e-dc0a6201c765,9618711e-2cfb-4943-a49c-7dc14a64b4be
d3965f0f-d93e-4460-afd1-3b31d54530a7,66e0c268-5c0b-4f84-8836-ba9590460e6f
8285980b-29aa-40a6-a256-e4fd626cb1fe,0f4a74c9-14b3-430c-9d08-a2c9ed48c1cb
72d97e01-7b0a-4ed1-9a30-9c6979ccfe6b,79d69335-6d13-44f4-9e4c-133c549db09a
73f040db-f3d3-48b9-9389-9a55089f2a20,1b18dc23-5556-4729-9698-c20c2b4f2096
6129f5a2-781e-4e0c-b2f1-934b3267d394,811336f0-cbe0-48e4-8523-40ad77d54d46
6b1d9fff-1227-4037-a566-a76043b2d888,3482ca23-cf6c-4905-8f56-80252848a73e
62d5657a-dde9-472c-94a2-c744e24cb7e4,d89d2765-fc9c-498a-afe2-076f48ca9b9f
47523224-3328-484b-b83a-42002901eaf0,16b4473a-4c70-4ae9-a564-fcadb520eabc
671f147a-d3ff-4f8b-b1e7-2628ae9e1a56,562deabc-889b-4566-8b96-90bd0cd882c5
18b73606-38e8-473d-b197-607be35342fc,6f0046ce-2967-491f-bc00-929705470717
58915d6c-f677-4197-8a96-fd09eef7e30d,41d36459-b73c-4325-acdf-f3801088eb4e
e0e5189a-6303-4a2e-bbba-ba75cd84ade9,bd817db6-bd50-40a4-9e8c-571dd2c04e54
18a572bf-9102-4a4c-aaea-a6029821ef4e,56759827-a752-472e-a38e-3822134a5833
572331b5-cd5a-4fee-ae23-66aa7a64f4fc,62191f29-0a1d-4780-9fcb-3f800c62272d
e4c17a26-0dea-4914-b43d-bd6f55df64dc,9e0a5be4-cd8d-492b-ace1-9fb696405d6a
5f3b7859-d0f8-4378-9fbd-66096e522bd4,a9a0078a-c9f5-4b04-9dff-73c845a39d1f
9de08874-add4-4766-87e8-2001b5c3ffae,04cb2e59-224a-4ea5-b9ab-85f1c0e9d236
714607bf-15cc-48da-b6c7-a1569f13c418,8f5e7bdc-678e-4c50-9464-f932dcb4fc41
357e68d4-51b4-4e32-98bd-ff8168e0d8af,22351dfa-ef31-40b0-8314-122227e3bfe1
589666b9-12f5-413e-8812-de8b08e0e159,bcc86c12-9c44-409f-8654-3dd024136bf7
9fcd1666-80cf-4d75-be2d-0d56d180420d,b456f06d-55a7-4a23-beb2-724187d07d38
66e62a8a-0011-4d56-b1dd-6f0052b2f839,b2985cbc-b7f7-47a6-9bd3-0286280af768
b01453a7-9cff-49af-99d9-6a3593990be7,7a37229c-a06e-4d18-87d5-45ff26d09b3f
ef118c98-398f-4aba-9ffb-739bb3742383,8180fe23-8ff9-4da7-a3d8-e25b91c2988b
4a7193c2-ee89-4f09-8727-70bae6b23b01,b6e70191-a916-4240-aaf6-f67f7a18c125
101fa3b8-5c61-4d5a-8ea4-fd96e48dc308,9e501a59-4638-4766-9287-542e5eb56ffe
8fbbcdae-e25b-4c18-b288-b95d5c8148be,03782756-647f-4338-82c1-fe1f6a1dfacf
f4360973-6213-4671-b222-9d0f1c279a8d,5e0b16c7-20c4-49ef-b2cc-92b7a449c1cf
64963e05-17de-4594-ac6a-d8280c58ce05,8ed2abce-f57c-4ddb-be2b-55282e29c80f
0095d955-2259-4e45-9c7c-f0af73658abe,2e43b857-f32b-43af-8a8c-c81679d082d2
5eb6574d-a0ce-4d66-bd41-f62f4acd2a28,ec4ca6af-2ccd-48f7-9f0b-312a9fb58596
73d2b509-f06b-4149-a7d8-9be5eba79a5b,93e67719-ac44-4e78-b270-a925fff9110d
6613cd9c-6b8d-4254-bb5f-1a93def219a4,71bf865d-50ea-4ca8-b24c-53f5cd462269
33e2588b-c797-4d9d-af62-c3a4386402e8,2f2d3d9e-adfc-4148-819a-f38dec2bc697
ab132d95-5517-4abb-9706-bbfda0b1b388,82d5868d-fd22-4c2c-a00e-8079273b5677
c76a8520-e6b9-4b40-9db8-e5e7152d2cf1,35c8d766-7d00-4813-8233-3bfbeddd7802
b0ccc033-fc72-4088-898a-8d30625fb718,dab48e90-8a0e-4e9a-9b62-a7f2a243dcad
b6f59603-32d8-40f1-a2f3-a3b5d3a428aa,2a80bb22-071d-4cda-a56f-9c39ac1f742d
1075522e-99d2-440b-ac1c-63696531163e,0ccd5ef2-e95f-4e6a-9f5c-41bd804dcb28
e3643894-11c1-4e36-b751-884bb0ae888e,c87b2447-f4fa-4a44-b207-bce64e9e2608
8567fca5-ca34-4dd1-9811-438b4cef2bb5,6b1bef1a-4f74-45f5-9483-8b8e3e46b485
2a7b2ab7-b63b-43f9-baee-cf18b28a493d,eb5e5d3a-2a1b-416b-a647-26d0954be42b
38f64f6b-e258-4109-a07b-c7d841fadc5b,ff01c14d-71cf-4026-97c6-7566ea1ace1a
49cec06f-0aeb-4f33-a9a4-c9e9786a84e5,6ec72b66-d811-4ed6-bf2b-9e5e3b83bb10
c4a46e25-b605-41be-bcc0-be08d586cae4,fbbd2d5e-6742-4e03-8a23-a446defb1ba9
0a23a8ab-a4ad-45c3-878a-e11d0dac7c27,fea2be91-a1fb-4268-8bbb-ea44e482f6bb
20f631e3-edf5-440c-ac9d-deaeb7a985f2,eda4ef4f-3472-4e62-a725-ba0213002fd0
bdeb278f-20a3-4a3b-8301-77b7c67f9cb4,9f93840f-9b15-475e-bda8-1d9dc170bb15
3f2d21d6-3c7e-4f66-b2c5-070cf27b9833,2f42c608-a0af-40bc-b10a-b0109f534350
8b71d33a-e905-4b75-ad54-31601076abb6,57a12f19-2003-47cd-bb87-54e4f5d3a4fe
f0b01160-2b2f-4a7b-b07e-e7ada9c4b770,3a0030e4-c956-483b-95ea-721378256e4b
5fdada3e-0c97-43a0-ba33-11cf1287062d,c87b2447-f4fa-4a44-b207-bce64e9e2608
85fcdcb8-7d9e-4bea-a2e2-f822745a829e,72035e72-1bc6-4b79-82a5-78bb5b1e73a9
aba680d1-5773-4c13-916b-7d6cb8b8fae1,cab6079d-cc65-4e7d-94db-9551cf19a06d
635559e1-75ff-428f-9edd-44ff744b926d,5bf2461d-4607-48ae-98fa-bf8d64ec3249
96799154-80e2-4ffa-8d9b-380c0cfb81cc,87dfe385-1948-4ddc-b0e7-fbb218dba1e2
f80ce95f-c4a6-4a52-a6b6-8e7cab61c6a4,eaae4575-d0ff-444d-972e-8fb451d5266e
b0443238-7240-41af-92d6-8b9c6f5fd227,cdf0a429-90f8-4286-a9ff-964f01946fcf
c4151d75-0459-4b60-926b-a745875176d5,f38e8511-4bc3-4e4a-8c6b-9b3f93b65457
2c6a80e6-7396-41ea-a136-40362200d63f,3b8d9fbf-c7b5-4942-bc43-c4faea08221e
42dd3416-e566-4946-87c0-ef7318eb8ebf,8bedca96-34e7-4a58-9489-207443bb5fad
b6a35892-e068-4ca0-bd66-6c1f5c4ddb91,37899121-e89b-493c-bbd9-a4af8bda3b71
b8fbd1a8-a679-41fa-b8a6-ec46ce7e5a37,4844d28f-a493-4153-acd9-59620aab2d48
590223b4-7061-4eaf-8d5b-51833ba99d47,3e3855f4-356e-49c9-99b3-2b2d7a65221f
ed60f023-b979-4b88-b27e-3fde4f01eb68,af4577f8-7b6a-4e87-b90d-51ff721ea241
48e09e38-af52-447d-bbda-435c5ef7cf51,1d48c20e-e606-4043-b70c-95a4aa9061c2
a31866cf-63af-46d4-942c-7e2962d11801,6feae60c-74f8-43fc-8de0-213226f8a951
347a1a39-dda4-4aae-9b36-a13dcdfa9db3,aa7f8a51-166d-4418-a192-76ec187d6fe8
613a177b-5cef-41f5-8b90-a7243ae1fa1d,9fee1b06-1b49-4116-bdfd-fd8aef8e9ffa
a4300c72-b6fc-4853-a6d0-6a5fe4db7d37,3bb6d1eb-8da0-4c5f-b62a-32e921b85d85
ab9c8537-d492-4ba0-8ca9-ff6b01dde359,66e0c268-5c0b-4f84-8836-ba9590460e6f
c74ce239-f093-4b15-8c96-d841141c966e,8aef2961-72bf-48ca-a1a0-c76c2cb342ff
f9e911b2-f8c5-42ec-8520-44c268ef17dd,7fbc1f1c-2f5b-47dc-ade8-c8c3e344f84d
f5ad174f-b5de-4052-9ceb-9e2aa44dd781,56dc25c8-719d-45ac-9ff0-bf9967589782
1df02d76-031f-4cba-8648-8f8b44237290,a4c5c381-3b54-4d62-80e2-f144fa1e48f2
fa245d74-ead9-4cf2-815d-571b2ebad172,fcfad301-4741-4ab3-a85f-b3a3a43dbe3c
c30f8455-debb-400c-93e2-d2a4667e6a0c,f73a7238-c538-4bc6-9bf6-f62434848262
1f44912e-60c0-452d-be0b-507498ae841b,45d05d12-e704-413d-9b0c-c82f3debba7a
ec1bff46-0668-418f-a298-ab5bce5036b9,15a587a9-012a-4f00-92d8-2df210591028
31bf7c53-b2cb-4640-adbe-ec2bd02b9d62,e04424db-48c5-4ff4-93dd-c570e5c8993d
1538f2a7-b55c-4bc0-b71b-8aa647a0a082,ba1b283a-7738-40f9-b54d-7427dcb38378
43a48c3d-eed6-49e9-b698-b68d3aaff0ec,c6f0d367-cdaf-4139-9e70-af6e603002b7
a6822df2-ab80-44e3-91d2-f88e3167181c,6981bac6-69aa-49a5-a052-eada9f347743
3344aa3a-ea69-4c39-bc16-8a71686633b2,5bf2461d-4607-48ae-98fa-bf8d64ec3249
88f9884e-4c30-4725-a4f6-054f232d383c,6069bc89-11ae-4eee-880f-b3cb3f60e8c8
10141010-cec7-47ea-9137-0646ff6f5059,545d9fff-7802-4f38-a114-f0cfa5bbfdd1
97250079-3a38-4e73-a221-47184390521c,f38e8511-4bc3-4e4a-8c6b-9b3f93b65457
fde3def1-faca-4431-b0bf-1f6a6b8ab220,9ca12c7a-e2c0-4b19-ba3a-e5807c341cb3
6f0900d3-e608-4f04-945b-77593975f595,ec4ca6af-2ccd-48f7-9f0b-312a9fb58596
95cb77bf-b16c-4803-8d44-9a6209644615,4567044f-9f79-4d33-a40b-a2a389958d1e
f18ef2d0-6390-491d-8b2d-5cd88a0cb469,47b03238-6008-4c1d-ad83-00a919bb5236
c73c0d07-2d15-4cb3-9637-007f86dc08cd,8407b6f9-a004-4ea9-8908-015868bd1252
c5656eed-86de-4e50-8d3e-0c7992f853fd,1bb5db73-7f70-4ec6-9b7c-b6f796773377
96af16ba-dce3-4edd-87c9-a9b1dd4b8133,b33e3ce4-7942-40be-a139-2b003755377c
95e9e805-fdc4-4b0b-93e4-78d50125960b,4601255d-beeb-417d-9355-61c35537a64b
7376f2a2-176c-4d4f-a171-9bb1e2a713b1,7e38832a-837b-43de-b87a-ec218f1b8c36
f35e9eaa-cbe8-4877-8f13-3ce36e2d0826,67828143-a467-45a0-a081-114cafbd4e93
7b260848-dd3e-4aa7-8e36-1509f7926b80,96440ffc-6fd6-4f86-a9a4-e709e9d0c6d1
10b53ccb-b10c-4359-b1f5-b722e455f0b3,2c56c278-68a5-4689-843e-a2142e095c01
da6277c7-b6d3-40cb-99c0-3282c62369e3,31029561-32f6-44d4-9784-832aa604530c
26ab51c6-f2d2-4d3b-bb5f-bcb03dd536d3,c426e802-70e1-4c87-9aec-69159574372a
08f6eff9-d4b6-4e38-90ea-d30dbb6d0e4c,1555bc62-92dd-4cce-8e3c-b477b86dae20
f297cc75-3012-49be-8231-075e522a5606,4601255d-beeb-417d-9355-61c35537a64b
84fa78a6-5de3-49ae-a1da-529d3da31e13,a0a12c54-ad76-4acc-bbbc-cab889c3fa2c
de18909d-5c4c-4ec4-ab77-791e4fced5de,d61880d2-8458-43ba-8b91-dfade9e74342
9abd0604-0a9b-41ab-b582-0846b681207e,51a07ebf-2b45-49a0-8cf7-48102b5b35b9
e4f0706d-70ed-4a96-a72c-0a4da8625457,89a5640b-6a86-4132-ab99-2d74f40e503f
3fd3fd59-de4c-4c16-8315-9d945b3039b3,31ca2c56-8c75-4fc8-aee1-ec3e88989ff5
6bbf6758-178a-40c8-b4f0-be987bd3d217,0081b2a9-e067-4cc5-a28d-e91ba905c6c6
9a6392f5-34fd-40cf-891a-ca9ce2242102,1fc2f557-d63b-42e8-b183-6032639b1922
c4ff97f0-cae3-4635-a843-2f9117f3781b,1e050377-5c43-4f17-85cc-cb2ec8e06a4f
fc06a857-7dc5-4953-aa12-63ea7e387639,ec4ca6af-2ccd-48f7-9f0b-312a9fb58596
db2bdebf-5664-4602-947c-11c0d503f011,ea089fb8-f163-4ad1-a9d2-38da2114866b
d2254faa-296d-4453-aead-85ee6956625a,64ae8d0c-2c17-4856-876a-8689e604b0ba
5a6d423d-dbca-48e5-92cd-15a6ad938d68,c6f0d367-cdaf-4139-9e70-af6e603002b7
bea07c99-3130-4b07-b31e-071f2efa27d7,337c750f-b582-45d7-aa6a-6aff232fa6d8
ab481dae-fb12-480c-bde1-feea5f1f704c,deda0ac1-d0e4-4a4d-999f-a8641e6f4726
f3c788f1-d895-415f-a0fb-ec2243d7f993,b5264844-4125-4988-9371-7fa410ed467f
d2a1f236-2dc0-47ce-ad51-5341a4c209f7,0c8f5131-73d4-4436-a0d5-25e906a8501e
36e8c128-fe2a-48b3-9ceb-ea13ba1ab4cd,897e810f-ef26-4e5f-944d-4e72c1b5b95b
7f8f82a2-8c4d-406b-bfc5-799b78499eb9,0ccd5ef2-e95f-4e6a-9f5c-41bd804dcb28
29d7ec2f-e893-4452-97b5-5ff5ce6379eb,ca5a049b-33c1-48bd-9f92-260b558b5ef2
2f2a19cd-c39b-4f2b-a216-4d4108fe0944,5993a474-63af-4d94-9721-c32819223163
a683a13c-2c82-4181-ab5f-897ded8211e3,0081b2a9-e067-4cc5-a28d-e91ba905c6c6
326fab27-a246-44ba-8a7f-f2e4097eccc8,fdaae9a0-c26f-4044-9a54-13c8fb78575c
8e861cb9-fc9f-434b-8599-dfe418c6e467,c3a34f35-bb60-4706-b2c4-ac555bd409fd
77ef0c8f-8ad5-4e2e-b5bb-29a5a1919ad9,a0a12c54-ad76-4acc-bbbc-cab889c3fa2c
2d776b58-f702-4b44-9c06-a92c78214280,0501458e-b183-4c45-b598-6f2c0a56b22f
8f50365b-95ac-4c9f-848a-4f311822c96a,7fb760ea-cbed-4308-b98e-f5633836df3c
892359b2-17d9-44a3-a5cc-d1a7f2da1e9d,0de0d597-bfc6-44cf-bb95-44762f554586
2397d0ae-a9ef-4b13-9b64-f0476d53c43a,4cb22f96-2a19-4035-9ab2-0c9985e231f8
5f18bd95-00b9-4e42-9ad1-0e5ca49da800,74a53410-801b-463f-ac56-83b00da1882a
a4ff86af-3134-4804-be8a-d4b198d9ae34,9cc1ca73-c3f9-4047-9e6b-4a6e7e4bfb96
ccbe6c92-9f4d-4572-9f6f-3b9224004c04,bf802d8d-7f80-4b07-bb3c-c319304af4f3
7996c908-9f2e-4440-befb-258c0cf8375f,bf802d8d-7f80-4b07-bb3c-c319304af4f3
8c3a972a-de9a-4774-b021-0788031ef9a0,1856879b-37a4-4700-9aa6-22fb9fca75a8
ef033089-9f8f-410c-a95c-3700353d9494,309c12b1-cebf-4e3d-b4e2-60f46068fed9
2cff7552-d99c-459c-bac2-bc840882e578,3a0030e4-c956-483b-95ea-721378256e4b
28485f6a-9e65-49e3-b098-99656cd09552,a587f44d-9ed6-4a4a-9467-514780b7206a
1428717d-f99a-4fc2-ac03-3e0322c99ed3,4567044f-9f79-4d33-a40b-a2a389958d1e
e4b85837-585a-4916-8dce-8408fc6e2833,34c50da1-4821-4716-adbe-6dd7fd3a0c7e
ad91e5b3-00a6-4751-a269-36593b74b361,64c9131d-827b-4426-950c-c114ce110544
d5f52636-2eaf-477d-af4b-94804cea4221,8ef607da-6e2d-4cd2-8b92-b65116a26c34
167dcc76-0405-48df-8c21-6aaccc447fc7,c6c519db-4414-4747-90be-02f0ca64bba9
f3bc420a-8ff5-4a41-8a11-ce8f98c0ea77,0f28de9c-4a28-4f1f-b7c9-abd98eee6b35
7a48ac0e-b2ed-487d-a0ff-8b457938dd48,360e1642-8006-4a24-aa6a-90f7c553e2e4
e224144b-5d62-4f2f-a059-3709583d57d4,19133393-843a-425c-842c-870b740b8a4f
45751eb1-671b-49c5-9c24-3bd14a2e76c4,307aef7a-c4ab-459b-a7a0-696d6da9c78c
c8fac12a-b5bf-473c-8f48-06d237af46f7,e092c1ab-c285-447e-b1ac-fdef8289ea9c
9a31b1d4-b8aa-4959-a234-adcb1497e446,f2ee4819-65cc-45b9-9852-4a0a822dc8bf
4e11de7f-e28c-4293-9af9-0f9b4170de38,b6f56980-431d-4fd1-a595-10ce75cc7820
68da2c05-6552-4a50-807a-630675758dd6,9b465574-98a3-4cdc-b58f-79c1d0053324
69b38ea0-b0d3-459d-9cd4-d76d723cdec4,01096e6b-a6b7-4403-9cc8-0154ad602021
8f75fcfe-347b-454e-b701-25611a48b267,ba5ab25f-9e7d-44e0-927b-4cd8ae3895b7
9bc7b0d5-fe01-44ab-9ce9-7dff4d427f18,fc674e4b-fc1a-4974-8a25-09d0d92224cd
f7e2d0aa-ed34-410b-a43d-028f804cf583,6e5c5e20-75b3-4261-ad4b-6145d295f9ee
7a097a8a-75c6-48e1-8062-27b02a9a6f1c,81eb8ee4-55f1-402d-838d-bc610acb5932
eb4cd6ae-6c91-49b4-a8e5-1caacdd8f592,c20034f3-6c33-4a11-afd7-9d0e33e8e749
f967f977-f879-40e6-aeb9-880e1279906d,8053ee80-36cc-4118-87fe-bcd2b546329b
0c035fd0-230c-497a-ac8a-9e1786005761,99bf9719-7c9c-4e36-923a-6a94a1983be6
17d194ff-2928-4cfb-bd09-31a8b36f738f,53b17aeb-c58c-41c9-b0ad-72eb6cf130a5
71e9b0dd-8892-4c21-858c-1893637d0c3c,ec7bf6cc-dbfd-47ce-bd6d-f2cbf6b2517d
d34a7e55-3ee4-4f19-8774-1f165537ca36,81075bdf-96f3-470b-a07f-52940d79e81e
5d505b89-b8cf-433c-8ff3-0b9b664e9db4,584b2946-3cc6-4b66-85a1-f82d7bc6e27c
a6e46325-03ca-4508-adac-d21616ed846e,ff8f9dd7-4c2d-4dfe-93b3-ea6d890db90d
e6005a8d-8ff7-4f0c-a22e-c7e628dd6186,cb1b3433-9d9c-416d-9c84-cc969de8c9f6
8eb58136-1866-4bca-bf06-9f9f82756550,99bf9719-7c9c-4e36-923a-6a94a1983be6
a308e39e-7776-44cf-ae5b-2538dda40916,02beefe3-6871-4b9b-806e-1e103c443ab5
6ac68de7-4b56-42ac-b532-1b717d235645,b6f56980-431d-4fd1-a595-10ce75cc7820
286e90fe-f6b8-46c9-b77d-8a05206798f7,96440ffc-6fd6-4f86-a9a4-e709e9d0c6d1
244a4144-0036-4c17-b4a4-7dfb2f2047c0,1d48c20e-e606-4043-b70c-95a4aa9061c2
05c54a3f-0fc6-464b-b463-7f9d74e877ba,e6ed4ef2-906d-4e00-bce9-41edcff3093f
4a661351-f517-47f9-a4f3-03b481797499,b4fb829a-7a73-44d6-8cf9-25674eaa9594
a21f44bf-1973-442f-9aa5-1600a2742ed8,df8b9869-d29f-482f-81a8-a6ae31608410
6578d2fd-2540-463b-84ac-86073042836f,f15290d5-7926-48c4-b6d7-2ef782e9dd58
52abde69-3c05-42f3-b9b9-ff104d62b0b8,deda0ac1-d0e4-4a4d-999f-a8641e6f4726
8e7f1c5d-8dcc-4f4e-8d74-380eb7f62072,b73ac71c-2fac-41e8-bd14-c303dde2e68e
68f6192d-196b-4eaf-b856-1333c9e7f004,102f343d-6497-4ee4-a538-0deea2635415
cc954cb0-7b81-4433-a2fd-8111d1950616,567d19bf-22c6-4d0c-afec-ac9aca88952c
a34e450f-df3d-4cc8-8f39-49a8fa270398,c36a81fb-d993-41a6-89ae-f1db9acd8262
a87db987-b824-41b3-8195-e283bac05d5f,19df646c-9ab9-468e-a4dc-456f0e8b14c1
a622afd5-deb4-4fc7-941c-f92fb21a694d,05967337-e36b-4473-b557-6b4f7d4fbe6d
d96faa10-bf37-4ae5-acf8-d53923592996,480f912f-ecba-4945-ab54-a5c5f96cbe0c
bec8efba-57d6-440e-aa52-8a79ad51136e,40c6239a-1566-497e-95b8-34fd2e89e80f
4a910daf-3877-4ce1-a9ad-80926a7aa05c,08fca112-e84b-475b-bcb7-bb9ea91e34f4
4268fa14-82e5-4b20-820f-bf1d59e5737d,451ba14b-4ecb-47ea-a8cb-0cc2831b2635
9a091ce1-578f-4fe1-9588-a03bd4c52790,b456f06d-55a7-4a23-beb2-724187d07d38
a9002dab-7aec-4c05-a6b6-5b88f8ee09a3,3787e357-abf7-434d-8f19-386fef839534
f7f961d1-77a6-4fdd-bd77-9abf46ab2480,20c3fd96-5aa0-4bd0-ae7b-d8862abaa08b
44a0f703-ad3a-4bfd-87a7-cfa41fd5951e,56153f15-cf0b-4771-8da1-9a70ac2a64dd
b7d3c0aa-3a08-4e9d-b1ad-f6fe2d8d2298,721c94fd-090e-4784-8e6a-f2b35bd89e4c
25a94359-29d1-416b-b1da-fd1632f0705d,020038bb-e946-46b1-91d1-bc978f9c50ed
b738433a-c480-4f4f-9394-adb5644054a2,2ae8c85d-212b-4284-a022-95a642e31132
6d289574-52f3-4889-9c57-2786cc92f159,6931adac-82d7-4819-a0ee-76c85059958e
39cf6be3-6700-49fd-b779-11360733e4f3,7a37229c-a06e-4d18-87d5-45ff26d09b3f
67a3566c-692d-4619-b623-585393a4f7fb,fd2c0a7d-8c13-4cac-8812-463730174e64
6bea4058-58d3-4ce0-a686-6ac6a7342973,fa15167d-67e4-468e-b492-56146015720f
3ddaea3e-3eaa-4b92-a90b-84d06616560f,50baceb0-0b47-4c28-9f8c-3c79bd1f3a24
c47ba355-ebea-4281-a1b5-f4a7853d8221,9be42fb2-a4ba-4100-896e-326432c224ce
414f943e-bbf6-4ad9-ab1a-565c9c3ade4a,d97065c2-8633-4750-8e93-db79c917dcf2
ea988b38-1217-4fd4-b49b-d82bd07e638a,7e38832a-837b-43de-b87a-ec218f1b8c36
c6061e23-79d0-4934-8385-ff0af080b451,05967337-e36b-4473-b557-6b4f7d4fbe6d
e302e294-92dd-4f52-8c8a-9cb778ca1994,4601255d-beeb-417d-9355-61c35537a64b
ec03c55a-1579-49d3-a7ec-801706f136e9,58c10a1f-2fa9-4727-b806-3520eb593358
11df2aa2-5272-402f-af5f-01580ecd6514,b7fe4135-40f4-4163-9a13-d272b807237b
aaccc8f6-4f33-47e5-a791-b1b0ae1b72b6,dddd6983-0503-4377-8f6f-059ace8e5aa3
4ff8a9f2-8805-4b73-a06d-46c9f9fd6d7b,b528bd8b-50a6-4cb1-a61e-ec9294023cff
bd8f8af4-7e02-4862-8a89-bb792ee20fe4,51fab39a-2430-49e6-9b3f-1a3ea88531be
3cf38585-a15d-4f97-a904-74f5a69f0a44,8f0b7ff9-8029-4936-8dfe-cf4de1d6c1df
cd11f5df-ca25-4f74-b469-0f2a5aae55c6,fbbd2d5e-6742-4e03-8a23-a446defb1ba9
71c87304-3229-40e1-9ded-8f36bbf5fb16,37990938-9c28-4521-8ca2-c61096637a93
b31380ba-5dda-4caa-8176-b3380bd46362,b7b38727-1755-4461-b92d-5ab28df986f4
9c7be07d-7b47-4f44-b6fa-defb9c916d1d,3ab3de8c-ee36-4ce8-b638-9f22ab919802
9d9d7264-4f2c-4662-8095-f5143d71413c,cdd39727-3789-4ec0-957a-6afb241f0a22
933fbeb5-031f-482b-aca8-914fd49f79fd,4d514b64-4446-4070-b1c3-34ba128c796c
bd1dd391-13b0-4088-abd6-b10497718e4e,16b4473a-4c70-4ae9-a564-fcadb520eabc
5492f820-5b9e-43f2-b97c-714ff32fdae3,2a49405a-43f1-4c39-8e6f-da403aed77f7
90d4b8b4-f9b2-400c-a3f6-0855202c0411,97299442-74e4-43d1-a81c-d5ed6eb8dd98
aa55fc45-4b6a-471a-b241-f020f3c3e3e9,3b80ae16-8520-4d64-b671-27cc95ed33bd
f8cc07ee-2c07-4146-b5f7-b1d457117d8e,286c06eb-1c6d-4e95-9351-da270da27848
33fdecea-35a7-4260-a2d6-5ba3e3fa1006,b2fe7175-d74d-4ae0-b5bd-e30a846b008b
e7ef9eef-aa61-4590-95f5-260bdaed6b98,16ed7ebf-65c9-4bbd-beb1-8fcb075f6ea5
278c4a4d-2385-4fc7-9d2e-d6bafa8c7521,a209b4a4-e138-4516-8fa2-555039c19126
14289d4c-309f-4bd0-a7b7-e4b79e492fb5,b44de50e-36c9-468b-baca-db00f23ce06f
0825114f-c731-4aa8-968e-a37235f7a058,5b2bd76b-c146-4f74-a33e-c385fa514e4e
ae059a89-7677-4593-9f9b-c26e81927857,0cc3d1ec-b0cb-438d-9385-634cfadca9de
98de6a63-747d-4ebc-abb7-040b2bd320fb,9618711e-2cfb-4943-a49c-7dc14a64b4be
155951e6-4d0a-49dd-97fb-2eb8b886e214,d5230932-d9c5-48cb-8f1d-3017e293fec7
70378bd2-2254-4ff0-bf60-5d36ed202b34,e33b6bb1-7375-44a7-b7dc-6568c1013953
d7384338-a35e-48e0-9a37-599fd0e18300,79dc669c-4fbf-42e1-b03f-fc6c9a29a9c5
1c930793-6a7c-44f5-a219-bc41f2b2263a,f12739b7-6875-4fb5-ae64-cd31afeda352
a8037f5c-27c0-4332-8f2a-c43d11d98c79,f5ca1b71-fe26-476a-9fc5-45458d0a231c
926e230d-a458-431c-9110-85c843caea59,a57551c5-1e57-49e8-90ac-647ab5543af7
f9e25525-896f-48e9-95d4-276c51f88d05,0501458e-b183-4c45-b598-6f2c0a56b22f
f0a0e0f8-01fa-4b2f-9107-895c182fc9f6,d9bd48da-77a4-4ade-9be9-8d06d5d9e52c
8fd826c3-25e5-416c-a2d1-ac8e7af90cfa,d9260b7a-e3fd-4fe8-921f-ad6fbca90a00
c42754c5-5e97-44cd-9667-158af75187ee,ca5a049b-33c1-48bd-9f92-260b558b5ef2
31d4d53f-c04c-44a8-a5a7-42c1c3088f8d,62c415ee-3f60-44d5-a4b4-18085372ed22
5aef1d7e-c9eb-4d3d-9988-2af441b86328,aae0aa00-4f79-48ce-90f5-e5a6bc96c89b
a3900bca-59c0-48d2-b882-eca980d8d2d9,38e5eda0-7241-4cbf-8952-58c99883b209
dd8110a6-49a5-4d18-bcae-87d04413b04c,bf39643b-7d12-475b-91e6-751b2c19eb8e
b4e0bcd5-f770-4f8e-aada-83be9649fbd4,630ca729-e387-4abf-80e8-a491c421a605
13883f4a-8aff-4c50-bdff-8b5f9c5bb715,68e9301c-d7c5-454b-9ab2-b51cede8af4d
a979845b-bf7a-4d0a-ba8e-f8218e8928d3,fe9ea6d8-1def-4a86-9d59-73c4c569ddb0
5ab23867-1ade-46bf-b301-54b83edeb052,7fb760ea-cbed-4308-b98e-f5633836df3c
854dfd7d-3f87-4d5b-abde-c3a49289b9fe,43ec29e2-a97e-43ed-8c67-51f2deb33cf9
6d22940b-135f-4849-85e2-5aace838f362,37dad1e4-6229-4037-8969-dc671efc561a
0727bc7e-4f9c-4668-9b6c-ba08c1b3c49d,79dc669c-4fbf-42e1-b03f-fc6c9a29a9c5
003a6fbe-b985-420e-bec7-5eb7fb7cab20,c6dcb70c-67b9-4202-b2a2-b7465089d5f7
99b6a9d6-250e-48d9-8ef4-41866c1cf9b5,1379506a-b485-46a5-a176-e2268030994d
5affe755-63f2-4a1f-a699-0dd410e20248,d64a86ab-03a9-4a28-9f30-af8bfbacda12
ec4b8e6c-40b1-46af-b575-9b0afb519bf3,a5f4aeae-6896-4657-99d2-fe9f506079ab
c6c2b766-e1e8-403a-b10b-3c9615a22284,dd25e907-a87f-4015-934b-bb5d1d994361
a0879b43-c551-481a-aae1-e5a6327df84e,129c8eed-872c-477a-9547-f5af7836bea7
b4e96d54-66cb-4da1-9074-144a131642e4,2ca2dd5f-dd25-4662-a0f9-976396443898
2f5266d7-3cd1-4819-bc47-a72765185948,32c60563-9037-4a64-b8c0-f5f55b8926df
e2dd5168-f950-4703-bbbd-45fba55bb303,c3989915-c259-4da6-9f21-241ee6f358a0
bc83f5dd-4333-46df-b488-abd82cde6df2,aae0aa00-4f79-48ce-90f5-e5a6bc96c89b
0ac20de9-d7f1-472d-bad8-1d905a1f7301,a12a1aa3-71e8-4833-ad07-2904e1d70298
2a013074-ab53-4109-93b6-01e9957d375c,6f0046ce-2967-491f-bc00-929705470717
03a11b55-7e95-4af4-b514-d3e2a606b36d,e6b9bf38-18cd-4e91-8bb5-e48b220c7aa3
921302b7-d056-49b8-ae4f-9fbae350256d,6496f52f-cb02-45a9-a658-988ef02466e3
e8bf84fa-5b68-4732-a23a-14f4dde6bbe7,be6dfd53-22d7-4888-8204-dec892363e06
63c7749c-408d-4f08-8a6a-f2b5a7b460fd,e16d4fa0-07b6-4f00-8bdf-57daa45d90d3
bf2180f2-1767-4a38-a2bd-cb87efa5b741,730f8fe2-8b00-46bf-886b-3b4196e8dca0
feada9cb-ecf8-4b87-b965-25708e9e4b86,bcc86c12-9c44-409f-8654-3dd024136bf7
46ce317b-535e-43e9-86a7-3b18d6de4400,a39b3ada-84fd-4e1f-a5cc-5ec785b178d7
52615094-94d0-4f0b-91db-8652f2b1a974,74e30e28-3a86-4838-a73c-df839cce5bb0
f92641d5-2d84-4c4f-99cb-6253583c4393,7f616b66-f8f6-435d-8e38-a8aacf25d32a
d56c4249-07cf-4813-86ae-4f1f2cd8c2de,02c1665c-aef5-432a-b062-d9404847f4a3
bfe3dab3-4862-435a-a88e-404e6fedd885,5f18ccce-4f1f-4bae-8db8-ed8f9ee54102
ecc451ef-2e7a-43fd-8b53-c4937d81c8f5,e6b9bf38-18cd-4e91-8bb5-e48b220c7aa3
408746f6-a993-43f3-ba64-f8a332eac622,d40e3200-cad5-4050-b729-77c37075ac8a
533a9fe2-a1eb-4ab5-8071-7354f59db57c,62c415ee-3f60-44d5-a4b4-18085372ed22
b9204583-1ea9-446e-bda0-55ab3dba9008,fe9a85cc-960d-4cf5-a43a-35d7433e6b06
0dec1080-21a7-4521-b082-b72759a2a4f0,f62570c6-7747-4d54-bf1e-7000ac795ab9
ed547731-1d25-47c9-8026-ab002fdd5d9e,ba5ab25f-9e7d-44e0-927b-4cd8ae3895b7
a7b10f3f-b5a5-48e6-89f7-833edd7c13e3,6638ae56-6b81-437e-a724-2ca7c865897f
77585942-dc71-44e2-91e4-f90368a1c8a5,9e568b13-2496-4087-ada0-0fe204c3a00f
0b0be09c-984f-4a7f-8ff2-69ca28ac937a,43506d5f-cc88-4ebf-9336-f87f5c9461ee
258e3660-65eb-4f8c-a31d-e40fde851162,aa8dbf60-e073-4762-ae76-e7b592154c20
64634013-bb03-4811-98e9-c8244084783e,a7b4dd3d-55e1-4db2-82a6-8d79f38b2fa0
a8bf796f-0f02-4a25-830a-63a2fceae208,1860e74b-cd1b-40f3-8be4-b1e1d0ac7ee7
a9d64bbf-dab2-4ef0-9584-a17ba5691149,1b3f39bd-2c90-4bf5-8756-684b288c5e86
dc103fa4-8904-434e-967c-6107b15bea13,19df646c-9ab9-468e-a4dc-456f0e8b14c1
c8eef3e8-72c9-4f90-9769-33ee462653eb,b73ac71c-2fac-41e8-bd14-c303dde2e68e
0b84a24c-8984-465f-8d40-db94cc95dbc2,0ea78bdd-db86-4fdb-9beb-bf246d626730
16f08034-0d82-4853-9cfa-a0855d8c190e,e23e2a7f-875e-4d41-9fc4-e23ebf594e0b
640e6096-9ce3-41b4-a264-4f003519712f,4036bca4-fe02-45c6-b93e-6a7e18fc421c
9eab9192-0bbc-4844-aeb8-95ca249ac8ad,dab48e90-8a0e-4e9a-9b62-a7f2a243dcad
4d109ad3-74a8-4501-95ba-fd14ccabc47d,c8101914-c842-4031-8c3b-9af80a0a7a7d
f57ba931-7d39-4e1b-8de2-f4402d7802c2,e2663666-312d-4b57-b6e8-1804e8c78874
6471addd-afee-406f-ba96-b7a3b4a45e2c,792ae519-bb75-462e-bc79-61ca76f5e31d
e94fa720-74db-4701-9e37-e2721ac1bdb7,8f3fe7e0-b222-47fc-a0d1-c81d730b83b1
f093f6ce-9f1f-4bf4-91e2-1e22cb02c2c7,a4c6f768-954b-4b2f-8282-2236bcdff043
a10b7f1a-14ad-417d-834a-5b774c657c93,529d8606-e1a7-429f-8421-57d247182a26
c05cb1d6-292c-4567-9198-4ee8d871dfad,ad47fc28-d5c3-4069-a88b-e96f8136dd3c
c95d973c-8e72-4325-8d39-7e54958de8f5,186018a9-7f88-4850-83c9-dba8aa2b14eb
6a16a43b-e897-40ed-9351-75bccd2d0cf9,268858ca-7ffd-41cc-90a0-5d4e1189980b
af9c96b4-4167-493f-bad0-bc0cdb629096,42f3c29a-7dbf-4cd4-9e6d-6297b5033951
3c907d2e-d5e2-493e-bc4e-4b3179b917b7,6e67385d-0cfe-4f37-a1b4-74f5e6253272
e754e2cc-9896-42cd-b5da-07e2ccc83ec7,60122572-74eb-49bf-9472-a5b8a48e2bcb
0d40d6fd-2281-47fd-a13b-4a675bfc0120,667b7af8-e55b-4a35-9902-c52be2a8bec1
0a940c3a-542b-4cd3-b3fd-bea274a69afb,b456f06d-55a7-4a23-beb2-724187d07d38
723294a2-6db3-4052-be1b-7439b3dbf03a,0822e481-4724-4755-9431-17b3b7ec0109
388c803f-f5cc-457a-a3d2-ff96b2d5bc72,91e276b7-1558-45b3-b74a-d67ac20ace30
bb21fabb-6285-4018-a3a7-42f87919d3d5,9db8e762-8886-4211-a878-5d3ebcf5cca8
ba614482-69a8-4104-92ff-d276c9931224,1898f0c9-5b3e-4e94-bbe9-7b15e45907a9
ba86313d-5f25-4e6f-891f-a584b9abb235,e6b9bf38-18cd-4e91-8bb5-e48b220c7aa3
78e1b667-8bbe-4ba6-acd9-7db328048c72,181a75d8-e14a-4a05-98da-43ea3921355b
eb6d5aca-8d65-40df-97d1-f9e4d35c84f8,12eea9b8-b796-4b91-9cfa-a5c2db041a6b
b75720ca-97cc-41da-9c38-a46ca26b8ede,da6566ad-be79-4f0d-83de-fca0481580f8
aa09c3df-4c4e-42d9-828e-37ef4f49b69f,91bc6941-4229-403a-9302-60413f80fb23
0e973fba-b879-4eab-8a89-7125c4582913,ffd766b6-551d-44fc-9724-6e9b98616311
18d7abc7-4bfb-40da-825c-e23a53f74186,53f0ffbf-80fa-4b35-9c6d-e8f941a4d5ca
63c721a2-b923-46c7-a85c-c7c21d66f7ef,cab9a201-1655-4bdd-8b45-0367471f6075
ad294f79-cac9-4eee-9785-ef42fe3afc89,19df646c-9ab9-468e-a4dc-456f0e8b14c1
9147f472-7aee-410b-a8db-b77a3c1ee9f5,ba1b283a-7738-40f9-b54d-7427dcb38378
5d39df8f-f61e-4842-8423-332c6a1cc2ce,e098f25e-d2bd-4a78-8407-9ad7ee54b6a3
675b480b-3486-49e0-8af5-63078b109571,ce422f43-f6c9-4fe4-bda0-2d488dae7fdb
9e6af926-b27e-4a58-83a9-d91b51d3bd1d,99bf9719-7c9c-4e36-923a-6a94a1983be6
bfb12dd9-b2ae-470f-a6b2-e8b6959baa00,41d36459-b73c-4325-acdf-f3801088eb4e
4940d4b0-a689-463e-bdf1-35f6df388025,19cbefb2-f57b-4e15-9dc8-7ac4a1b30535
da131098-9333-4eef-8162-c53f679b5ac0,1860e74b-cd1b-40f3-8be4-b1e1d0ac7ee7
3214c95c-ffc5-4b7d-9759-05673a5d0fbf,c1ce34c0-0a14-4ed9-aa02-cf143d14e96f
a0f61cdb-8332-4cf6-9f9a-8ce6fa3bd734,d82e536b-336d-4aa2-a393-6593c12a2dd2
33844ed0-5f65-45d4-b88e-f4ac1e494e8f,a9a0078a-c9f5-4b04-9dff-73c845a39d1f
dc86bb70-1f88-4274-af76-fb06e1bede29,ae7d2309-08bd-45b1-accb-87e506fe6725
c0c8aced-640d-47a8-b7fe-f00edfa501ca,9b465574-98a3-4cdc-b58f-79c1d0053324
522eaef0-55c0-4b16-be01-facbab3ca2a1,20c3fd96-5aa0-4bd0-ae7b-d8862abaa08b
0f81460a-b4cc-4c97-a7e5-b0c72a757d3c,4dbd1e1b-5d6d-424e-94a5-5b8f8ff825b1
70709ecd-4503-4bed-a47a-98f12ac94099,deda0ac1-d0e4-4a4d-999f-a8641e6f4726
fc6a8d16-cb5f-4c56-b4cc-1248c278a6b7,2b702efa-b73d-45fb-8ce7-3d88f0221355
f1ed85ee-45a4-4ff1-8fb1-916f6066e40e,e39eced6-e496-4778-a790-24bb480f7e91
6cb8629d-a6b9-40ad-8dc1-0c22924a9877,0d6c7d1c-298a-4041-b8a1-da2dc1faa601
db6bc350-94ba-4f0c-9969-26dc248e50aa,d97065c2-8633-4750-8e93-db79c917dcf2
279fe626-b765-400a-8ede-50ebb1543638,129c8eed-872c-477a-9547-f5af7836bea7
d23efd9b-9cb1-450a-87f5-2d16cf03480c,d505b424-1c89-4c9f-abd6-762a3031d7ea
aed9be58-ca07-4d2c-a244-894a7142e48c,de0eacb6-f91b-48ab-984b-092690d9dd2c
90ff7dac-0c24-4d06-ad55-5dff66e08d43,31a80d0f-314e-483f-83c4-0fde400875fd
dfdb4ce4-cfb6-4ce9-ab1b-5ad1459e7179,cb145697-c3da-41fd-9d48-6a64f36ed2a6
12b9c9f3-05b3-47d3-b5a0-37ec931ea7e1,37dad1e4-6229-4037-8969-dc671efc561a
0083a972-5192-4e3f-9a03-ea90db5b8dce,510784a5-a09b-4b40-9ee1-52e15a6118a9
6eaab04a-8cbf-42ec-b3c0-1a4c55ca7592,2d53dbc1-a441-42f9-b9ba-92823f81c206
3b0b9d52-f758-404d-ba66-8baca9f0c2f2,ffd766b6-551d-44fc-9724-6e9b98616311
6dc5155f-5d69-4288-a7ad-0b24189f1cf3,3e3855f4-356e-49c9-99b3-2b2d7a65221f
ec6186fa-cee3-45d9-9d5a-08c37e5723da,702d6d9f-b3e0-41e4-bd93-5585a7601ea6
a824a86c-90a0-4ae8-bb61-37ff72b684a0,8bedca96-34e7-4a58-9489-207443bb5fad
a678ebcd-8d09-45b4-a04a-ac1b1820679e,1a2a5628-e355-4ad7-b131-fb51742b389c
dcea0336-6344-4788-bd43-d73c2c64cb79,352f323b-c0c8-431e-ac81-3934ddedb4ec
00c09b97-0a94-42e6-a4c1-87e7851cdaca,691cc0d4-ffd2-4618-9c1c-f98ad2bd159c
5b060abb-ad58-4376-985e-fcaec8bb1f68,76ed2fea-6b57-4ec2-98b6-2664dcb47fb1
dbccabe6-78c9-4734-a861-c21d9041f86f,9579b0fa-5dd2-42d6-9bfb-f1259f7e2569
596c3fb8-e1e5-4dbc-a15b-b451b990cc72,8ae4a903-6481-4d6b-b95b-33fb11851d80
fda558fb-8c36-4243-a7e8-b7a07bc33b0a,29da80fc-e5fe-4f58-9fd0-f43c47734b80
f2991831-28ab-4911-a41d-1207d08a89a4,e64d06a9-ac3b-4d0f-8172-481e4cec11a5
fc466586-e8b4-47ad-9209-3deeda91fad6,1ee48c85-2f71-4bf6-9adc-14edb4f228af
f5a04aa8-e1df-4a2b-bd72-36c8737d15f4,d5230932-d9c5-48cb-8f1d-3017e293fec7
22cc1ddd-0e43-4192-8d1c-01eddafd067f,31ca2c56-8c75-4fc8-aee1-ec3e88989ff5
349de91b-092e-4606-9bd8-bda6a4059965,4755f613-a861-4d39-b3c5-47be989d5951
608e2de9-18c9-45d1-8aed-876c701440e0,54f10b1c-fb49-4030-8852-944e6aea4ea1
1326452b-7423-4f52-9738-1d9f103b8e35,ffa41239-45e7-46f1-834a-678291e7d810
a2be6e4e-7de9-4629-a6eb-f06761b6c5cf,eda4ef4f-3472-4e62-a725-ba0213002fd0
175be215-9741-484c-ab68-a3c7ffa0ad15,015517af-88aa-4073-9e24-ebc07be34a47
3f9fdfb7-7030-4bbb-b1aa-e3025e86d466,0e3883be-6f5b-429e-ad46-7bc5c985d91b
5158ca28-a224-4edd-b53d-81785c69cb90,ffd766b6-551d-44fc-9724-6e9b98616311
562c3aa6-f9fb-4384-b2ce-27413b2afdbf,50174771-2446-40ab-977e-e8dcaabc603b
647a50da-5d96-4dea-bd8b-34346d526eab,e6b9bf38-18cd-4e91-8bb5-e48b220c7aa3
e2b5645f-2207-46a3-923c-802f55e672ac,bc6d6aa3-cb48-46f5-9b4b-b1329aba99f7
6b14b35f-069c-487c-9c31-b3116fdb8351,3bb6d1eb-8da0-4c5f-b62a-32e921b85d85
87b3a7f9-f7ee-4724-9a57-a5eed9dfa421,b6d00b38-36f2-4106-b301-f8c239f0a8a3
24acfebe-2a70-4267-9145-0e7d39c2e533,05afc51c-4201-4d72-972a-831c1c6fa0f0
3608b9ef-93e9-4043-a7fc-e6a266471458,a12a1aa3-71e8-4833-ad07-2904e1d70298
79377b3c-504a-4000-ba15-d76bac9d24b5,cae8337d-4802-4135-8424-7b6308743cee
aefb3c73-e2f4-4284-bb86-ca1eb2dba9ae,c93d950f-3e2c-4d80-9a23-e3d3318fb56b
642f79cb-cda5-4ea3-af4b-5c290bd40748,26e469c6-5a34-4806-9b27-7952f09f1521
07d14a46-c504-4c0d-9a77-48263eb8e28e,6d4d1944-cffb-4c70-a79d-573828036fc4
12e97374-08d7-417f-be62-3cc3c53fcd2f,e74ffc9d-0138-4709-b8cf-a14d38b0e56f
03e39bb2-ba09-4bd1-9a0b-16754399eccf,35276625-aef9-4b16-b3cd-75698bd75d4f
73e427bb-9af8-4fce-8225-37547e0943d9,51fab39a-2430-49e6-9b3f-1a3ea88531be
db99e26c-5a67-4323-b5bb-99e7d666b81d,cda5f1d3-19df-43b8-99f7-bf70968ba4a3
0708bbf9-dc6f-436b-83ca-8ebf813fa442,527e3ece-30a4-4694-8eef-a04e9208b0d8
627a6011-d3c8-4b49-aa78-fdd4bea70554,4875e48d-435d-4c10-8635-b047a3af28a8
8d966dc8-d15b-4240-bd82-85969aae266f,deda0ac1-d0e4-4a4d-999f-a8641e6f4726
49e0b548-00a5-4fcd-933e-a64e3fbf7fc2,8ca30b0a-8e0c-46e4-bcd0-16fdc7781650
9708b0bc-33a9-41d6-adca-4b28ea5fbf17,a2657984-6cd5-45bb-b52a-167aea476dc7
d81866e3-18d7-4f00-bc01-abc2ea55ce16,3a0030e4-c956-483b-95ea-721378256e4b
64ccefcb-8911-43e7-af04-6d22b7c5280c,ece7c23d-ef20-4ecf-8cff-ea09133e4afe
898b3ca7-2dcd-4f51-86fc-6c3be713e750,8180fe23-8ff9-4da7-a3d8-e25b91c2988b
e48c0ae2-dfc9-45f2-b886-6fecfe6c8fe9,3d0a6659-e30a-44a6-96d1-bc2b907fa8c2
fbd58c17-cd9e-47a7-922b-8af028a4a419,e392eace-5d71-4f41-8daf-a89bd0a4eddc
797bca12-765f-4756-a0b2-100c3b8026b8,3ea250a4-4688-4e05-94f2-38f5ae307728
8074a117-296c-46dd-8a0a-e923bad583b3,7dc14e77-abd8-4e76-bc92-0bd626ba22cd
d0599a40-8473-417a-a23c-7c5de2e5ab4a,b31c0e6d-5cba-4d50-937f-e106f1397ea7
9d6e5a66-67a3-4cd3-9cfb-3204e1cbd9d2,268858ca-7ffd-41cc-90a0-5d4e1189980b
dd66baea-0e30-4116-b280-dfc9b742dfaf,0de0d597-bfc6-44cf-bb95-44762f554586
71501e2b-587d-4ecf-9680-e7f8ec93ca38,b5264844-4125-4988-9371-7fa410ed467f
45beec82-4a76-4cb1-9b86-0ac1523775f4,acbb48e2-3d88-489b-998d-440411097c21
356d44d3-86b2-4a6d-84c5-6cd9ba6a9685,a4bf846c-131e-487f-a30b-4deffca0b00b
e422f261-ad21-40c5-9cd4-d914bedbbe46,452cf225-fe83-47c5-9776-ffa26faf1133
b5e4c4e5-a993-4c79-b6ca-67468eba7d8d,b550963a-eeec-406a-b13e-6f8e8f5238da
375daed6-3948-4774-8cbe-e19ab054ddde,59ffce36-47c8-4f9d-b035-4a7f0716528c
a2fee030-8387-4968-94d9-2f27aa915e37,7089974b-07a4-49e6-a52a-41305f22b985
fe090d52-9941-4258-aa2b-8044c766ee40,6c0c1c77-fbb5-4f1c-a57e-5ac0cd29c33b
9f90d1a3-a4a4-473b-885f-d4c9fa1173eb,b824c5c1-24b7-4333-8eea-66ce5d3057b2
420cf584-cabd-4b03-8522-b6c75a294434,d64a86ab-03a9-4a28-9f30-af8bfbacda12
6c22163d-7fa6-4775-9974-76000ecc454a,f34a629d-d342-47f4-84fa-c35d6f720642
45865c82-1f35-40cb-b9a8-b9d366938ef0,8f5e7bdc-678e-4c50-9464-f932dcb4fc41
d0c43c54-95f6-47d3-a165-6a3e3c2e20d6,5b2bd76b-c146-4f74-a33e-c385fa514e4e
2d119f23-6948-4f1d-8018-1d74a4218419,9732e80c-df71-4e98-82b7-efad2c68ffde
3d7bdb36-0aa5-4b3e-a0ec-1499ef43b9c2,a140adce-51bc-4f07-a596-3518ad5e2b57
b29aac0a-413e-4e8f-a851-fe093d3e8b9a,39398831-8dc0-4439-a2f9-6df65bd6c211
f9b5d6de-111a-43d3-a90e-26a5cc7daed8,50eab76d-26ce-4b95-99aa-4164975e4479
bef32ca1-f25b-4896-bf5b-9cacd6cdb8a0,ccbe48d9-4670-45c1-98d5-0fd390b3aef2
8a186873-8f5c-4dae-b48e-160ba2310c68,04dda509-0d92-4d80-9fec-43faccedfab0
6653e679-f0b0-4223-9b8b-ef9ef0f69dae,7a37229c-a06e-4d18-87d5-45ff26d09b3f
9e0bb8f8-9f1a-4c36-b299-dbc6bfabe4f5,62c415ee-3f60-44d5-a4b4-18085372ed22
dee11e88-a4b2-430b-8a8f-5012dd83ad3a,eb5e5d3a-2a1b-416b-a647-26d0954be42b
3dfd2a52-279e-4ab2-b6ad-9b3d18f78f10,1621446f-b112-4d49-a61a-5ccae81f14b8
4587afb6-756b-48a9-bc89-0447de03a60f,9e501a59-4638-4766-9287-542e5eb56ffe
468dd38b-fb64-4a6c-8d61-7a6c7246d9dd,6931adac-82d7-4819-a0ee-76c85059958e
f7947a44-2e49-4394-a041-6881088a0c7e,c6dcb70c-67b9-4202-b2a2-b7465089d5f7
bd8e73a3-54d0-42df-ac3c-ada86f8168fa,aab33704-1ad3-4f15-b1a6-6ae9d5d355b1
e412c755-1709-4da1-a6f8-2581fdd53f92,37899121-e89b-493c-bbd9-a4af8bda3b71
b0575e75-eb66-4962-b77b-45bd950816da,cb1b3433-9d9c-416d-9c84-cc969de8c9f6
7a01982e-9839-4e6c-aff2-d17f10c4a635,5aa47f6e-87c6-442a-8ee7-998e499b5c15
0735f66a-a267-408c-a022-653f1d99b689,14392bce-f95e-40f4-99aa-875bf00d6c35
ef57e263-3a7f-47eb-b077-8fd1ea26a492,2a9fa635-f83f-4897-93de-8cda2e49fb5b
fb5a3d5f-d0e6-4042-9b1e-55ab7f2fd4f7,5b2bd76b-c146-4f74-a33e-c385fa514e4e
fc81feb1-945a-45cf-8096-27aa12494192,68692971-634c-4832-90cf-9cbd17449732
512ff8e2-cac5-4687-b426-efa63e82fffd,ad1d9698-ce1f-4a0b-b379-94d838e50835
ca54441f-074e-4308-a6ae-ab002dd4586c,56153f15-cf0b-4771-8da1-9a70ac2a64dd
6e6ca629-ba8f-4167-9c0c-ee416dc5286d,d7d1b89a-1186-4d07-91d4-294317dbc935
2ff1bfba-5712-4eaa-91c2-e43291807d68,bf39643b-7d12-475b-91e6-751b2c19eb8e
05d9f999-26ae-4041-ad5d-93a70081ab15,ff49d061-3ff2-4c35-9123-4f11dd70a5aa
9e5549b8-cdde-4bb9-8aa1-2e47fc272cfe,ff8f9dd7-4c2d-4dfe-93b3-ea6d890db90d
f12db6a1-d332-42ce-9dc5-f6cb3bd3d65a,fba97467-01cc-4a9f-834f-f49acc70f8c7
60a54c20-92e4-4612-9304-5e442c31b65c,ea3020a3-cf9a-49d0-a7d6-a3d29ba75fde
71fe3d07-e86c-46a8-9a05-08547a075c5c,16cbf2f0-41a6-4ef4-a213-f1f51feab1fd
1aa0325c-4f95-4ec3-a325-19642d426d1a,c496d0c4-61e6-47f1-8b4c-3d11c41d6d3a
809c61ab-5d7c-4777-bfac-19bd1d5e761a,d7d1b89a-1186-4d07-91d4-294317dbc935
c769e65b-06a1-499d-b48f-a86881b02bfc,37dad1e4-6229-4037-8969-dc671efc561a
7a9668f0-fdc7-45e0-9309-0fb2199cdb83,102f343d-6497-4ee4-a538-0deea2635415
9d12b5d0-5ae8-4636-9944-ed477f19c136,f9dc3daf-087e-4d00-940b-b5735603a5da
c7ff3dd5-8e96-42ee-a0a2-cba0523487d3,ae647e26-be78-42d8-bfad-2097310198ee
5f4d250f-c1e5-46f7-8e2e-22337a6f876e,9c576198-00d2-436c-ba63-e79f35c0c052
da98105f-f9ef-4e15-bff8-1bac196702a3,fbbd2d5e-6742-4e03-8a23-a446defb1ba9
4cbeb202-4a6e-4dc4-99ac-a5102e02b712,6e67385d-0cfe-4f37-a1b4-74f5e6253272
4230d3c4-4fff-464e-b161-1a5f5e5c289b,cdd39727-3789-4ec0-957a-6afb241f0a22
cf1ed87e-ce61-4c7e-ac33-2f57e5db17db,764a7015-1741-42c9-b6ce-87c8079e501f
87d7a168-aaf8-49ee-80d0-fb0f6474c5aa,07d68b6e-c240-41c3-a746-170f3fcb0a5c
72a6b40b-2ebd-4c4b-98e3-0edce4c83fd3,498b9afc-f632-4d49-a884-251c4451cabd
7c3d7866-783b-4fd4-923c-4827156e4e8d,f34a629d-d342-47f4-84fa-c35d6f720642
8bc6e979-e1c5-4360-97dd-b4052cc395ae,e24acaff-60db-4404-9d3c-69a25ed1dab2
ee8d3770-ebac-4185-b9ef-8b759c79b575,2827f9ee-9bbe-4889-8b16-bc0130bce269
d919875f-7cfc-4fb9-af58-7c7229e3dbc0,c2899c3d-84e7-410c-8067-87bebaa1ad98
9119f71d-cc4f-47c0-bca5-95df1e34397a,ea1a17a2-5574-4217-9017-19d2196b18ce
755485d1-89f6-4968-89de-11ea1ae59746,38f82952-998e-4ff1-a2a1-c13b21fb2d66
966780b2-f723-4f03-b76a-0bc4bc67ad95,35a4c046-ac5b-4daa-976c-0d2b5e55ef30
a56bfb94-21b9-4a50-990e-14513789ad69,0761f042-c941-4ac0-8e74-5544b1a7bb85
73148d50-fac6-4304-b604-4dfac5c812c2,f2a210b0-343e-4fb9-b005-98ac7aefa981
7ca3ad8b-7c42-45c8-952f-42838b63669f,f67af0cc-9e30-4704-8b5c-2a91d16b4f8a
9ffa0b07-c76f-4723-80a2-649fa2709272,55378874-0442-426a-b9de-c73282327be1
a5f7eae2-5f8a-4d2f-a85a-44a9f273bf31,81eb8ee4-55f1-402d-838d-bc610acb5932
8abf0c10-54f7-447a-b2c7-8137333c7805,e6e0e67d-7d41-4ba2-a5de-3a2c68742af6
283bbf7f-824d-4c36-a676-4c6624034365,b44be256-ad09-4a02-97c5-845d93eb6301
e72ed4da-17de-4b79-ba73-6f3ad67adc67,fd510766-3108-4548-a523-100a93962811
c9df8230-5418-462b-86bd-d1e41f31f337,0a40b053-8b08-4f47-aaf6-5c7534186e1b
86da782b-e3d1-4bb1-985b-0bf011e3a171,fba97467-01cc-4a9f-834f-f49acc70f8c7
2cbec077-3fa6-4af0-a26a-9a307fcacedf,62191f29-0a1d-4780-9fcb-3f800c62272d
d761099c-9d29-4336-8d52-481bb04f9081,c496613c-b9d0-4bdf-ba13-fa4089933358
7e6be6fd-d420-415d-804f-eb2fa741fcde,d1645226-a83d-472a-bd8c-76f50b6bfb42
04a3ea57-cde5-49f6-9048-2f6e060b9e97,a4c5c381-3b54-4d62-80e2-f144fa1e48f2
8df411f6-967a-425b-b515-4f52fc742c1b,ca7591b7-fbe8-4347-8495-a401f485dd4b
7819f68c-fabe-40d9-b197-4b4c9a6e857f,14538dab-7e10-4c14-8d39-78325c7b314c
5a1215c0-da32-4db7-ad9e-846f7a2b8261,583f5b34-a177-4694-9066-32909d126a2f
d0f97df0-2852-4dea-977c-eeb10419ee74,f49c1a20-f29f-4f25-8cc8-24fa800d10f1
726f15c1-c22f-40e2-8d8d-09c218713d5f,2f2d3d9e-adfc-4148-819a-f38dec2bc697
e7c258a8-0acf-48a7-88a6-8c703f142a34,31a80d0f-314e-483f-83c4-0fde400875fd
cfaa5a3b-28ad-4c1a-a823-1dcdc6f7bb84,635f62e9-285b-4475-a444-3a2b09845acf
22fdbca2-1d36-4f2a-b5b3-91c36385a6ce,811336f0-cbe0-48e4-8523-40ad77d54d46
85e0176e-43f2-4a0c-b528-9393c1e8b791,583f5b34-a177-4694-9066-32909d126a2f
e904a0b6-0454-41ae-86b5-41d3d6a406ae,cda5f1d3-19df-43b8-99f7-bf70968ba4a3
4b7ddf60-95aa-4a00-87b4-f0171d283a74,6c0c1c77-fbb5-4f1c-a57e-5ac0cd29c33b
25564adc-67fe-41e7-b8ef-5897cac29f05,db67d990-8c7e-463f-b7a4-af6a7ec71aee
c34b2faf-c7c3-4df8-b87f-dde1f53b3ac3,527dc706-1458-438e-9053-c7b8d93045ce
1c7cd306-a5f4-4cf7-9d0d-22d290c3b118,ec9a4cf1-b164-49cd-bf16-d970c5c102c4
311b11ca-c1be-4043-a82a-3e3b3ee1e26b,020038bb-e946-46b1-91d1-bc978f9c50ed
e26e8c66-8e23-430d-ad09-bab4695f47d7,b4cc0f35-e607-4815-807b-12b1ba7d94a0
a4bf9033-af08-4fc5-ae37-cfb35df57453,35c8d766-7d00-4813-8233-3bfbeddd7802
4643542a-5d25-4b0d-a688-f8ac5b551204,4844d28f-a493-4153-acd9-59620aab2d48
e6b62be6-8f45-4d12-a244-632afebe7927,e23e2a7f-875e-4d41-9fc4-e23ebf594e0b
82a2cf88-9c24-401a-98c7-5608e8aef049,6b11e9b1-7376-41b4-b7fd-058a036aadce
d544d8b4-be05-4f48-aa75-480f62a003b4,13152f22-451b-4b2e-9bad-e75f0ef7d29f
fb70ccbc-808c-40cc-b3fb-d44f8ee3603f,02beefe3-6871-4b9b-806e-1e103c443ab5
9c579fa4-191b-4855-9fac-d233495e202c,5f581ac0-e8da-4f24-a899-7bb14ed380ed
f1b4f4bf-243b-4e2d-87f0-fe2491efee6e,c41ffa00-f0d5-47bf-b9bd-a61f09b18d00
d29cb960-1b2d-4b6c-af66-b5c533a4d5a1,d11447b7-2aea-42bf-b0f3-090be536b7d7
f31dedcd-d354-40d2-8ce9-365aeb1a5c12,2d5e876b-2c5e-43f1-806c-71fd91b8e9b7
89b39345-f997-4f7f-be47-502f5b7f1db0,2f03c116-b63d-4317-9088-56c2fbafbda1
415bb63f-ecb1-4125-b515-9f7e24452d65,ea089fb8-f163-4ad1-a9d2-38da2114866b
70926f0e-76f9-4b7c-a40e-206d3d69ae4b,d5230932-d9c5-48cb-8f1d-3017e293fec7
8bebc470-1b4a-4614-9b7d-2c2b340fef42,935af828-3ed9-4ce3-aceb-465ac377468c
0b3d0989-84f8-49d0-8faa-fdeb87347a40,d40e3200-cad5-4050-b729-77c37075ac8a
3b55c29e-e2a9-4665-b7ea-d51d06a452f4,5223fb78-f903-4210-8e29-81a6a93ac6a3
6ec17f9e-0d8d-4738-9b6b-b039c69cf803,89a5640b-6a86-4132-ab99-2d74f40e503f
c86b380c-d9f2-42c9-bf54-c98a55d8a4d3,4e286d7c-4e23-497f-b06c-6b4e12a47d45
6164de5e-7ab9-4c0a-a78b-7892f4470998,6feae60c-74f8-43fc-8de0-213226f8a951
883dfd37-6f41-4ad4-af8f-3d231cfbc9b5,c87b2447-f4fa-4a44-b207-bce64e9e2608
365a4b97-b47a-4385-b405-061e2040dd74,d89d2765-fc9c-498a-afe2-076f48ca9b9f
d6ae76ee-d992-47e4-977a-29f4438cd010,dd25e907-a87f-4015-934b-bb5d1d994361
934c8444-788a-48b3-819b-0d0696cb4321,3ec0f2ee-38c5-43d1-8a49-b9565f9c26ae
3f852f89-2121-4c49-91fb-954263910d0d,d797a5c5-6df5-4f43-983c-68a87108bcc7
f833fb02-60dc-42fa-8606-4bec25e972ff,690e2af5-372f-4491-9d87-12faac068f1f
395cbc6b-997b-428f-87f3-f67b974ab41a,5f581ac0-e8da-4f24-a899-7bb14ed380ed
4da91b54-ac39-4c5d-a532-da5ab6cf57ef,618710c0-9822-47a9-aa23-40384757e571
865b7896-cb61-4ce2-abb4-2fbd1e33f414,0ff256c4-6e9d-4ac1-a9ba-4fa6c7ac4b0e
fd3fbd6e-dd0d-4fe1-8c8e-bb0ab0e895ec,dd26911f-2fee-489d-b2cd-bb0a4c12ee96
85d9a23b-2389-401c-a684-c168003f172e,d5230932-d9c5-48cb-8f1d-3017e293fec7
d7ae1831-812b-4816-8c72-f54213005e4b,238257af-4d64-4de3-9c89-ad47886c11a0
c17af31d-c208-42f1-8929-de795be3888a,ffd766b6-551d-44fc-9724-6e9b98616311
ca57730e-fdfc-4a99-a63b-8172f77b3d34,bf3671e3-6c7c-4372-9b17-d41db6184b3d
31170d2c-d933-41b8-9a8c-a3e8d05a1536,cb145697-c3da-41fd-9d48-6a64f36ed2a6
1dbf9152-3e21-4425-a204-7040853d9e89,de0eacb6-f91b-48ab-984b-092690d9dd2c
ba9fee49-92fa-4da4-86a0-966472039008,498b9afc-f632-4d49-a884-251c4451cabd
795271de-bbaa-43f4-bfe2-a79f578efc59,cd359e10-bd95-4724-8fba-8515b497a111
4ddf9cc6-9c80-4348-833d-6ed8baf02498,935af828-3ed9-4ce3-aceb-465ac377468c
af362f1a-bfd6-485f-9139-19e042f99490,fcbe47ea-45ed-4daa-9777-5988929a295b
89cbbf8a-a46e-462c-b5d4-a2fe2209cedd,837aab14-4826-4752-a4d6-c2ab03e7d706
e3ead939-7749-4a01-9f80-825f65e355f0,e79c9f73-069a-4118-9ad8-d07847843a74
f4e4e8a4-2b3c-44ee-8b78-b4e1dc7876e4,5c28cb18-910f-408a-9b4d-73cd122f3c4a
4cdaa6a3-ec41-4323-ad89-cd204cb2f3dd,31029561-32f6-44d4-9784-832aa604530c
2d32e997-1b73-41c6-a086-4068b8d0f5c6,56eca8b2-35d6-4650-9176-cfeb48495c80
9d197cf5-8eb7-4268-bc8a-45e47620cbb5,c83abdcb-e4b1-44f2-9d36-704316977251
19a0d495-df08-41f3-9c4e-cc73b8d40911,f0ff3fbc-90ae-4551-94da-88c484fa5beb
acc6c7e2-85ae-449b-8208-7bd18aa27161,ce39d568-cd70-45e3-8bc4-f1a57b36dced
071d9223-d8df-4791-aa62-598a567cabdc,74e30e28-3a86-4838-a73c-df839cce5bb0
e889a4ee-5484-4cae-aa88-fb2d324cac8d,6fc96cf1-fc45-44b7-b300-d602bd30224d
4322ff06-75b4-4282-b736-475d0d5ce6ba,129c8eed-872c-477a-9547-f5af7836bea7
ada02584-257a-46b6-b942-ee844b6372a1,102f343d-6497-4ee4-a538-0deea2635415
124ec4eb-5075-4f51-a2ad-9f2a9e47a15c,7457d574-2162-43d1-af46-460d5f88310c
e59ff892-0db2-4467-b553-79546ad967ff,aa7f8a51-166d-4418-a192-76ec187d6fe8
e5559812-b37e-49b9-adc9-ea43cffab745,04370af7-2def-4038-af97-88fdd8473580
6e344b76-503b-46a8-b026-55df716d58e5,c5f5127c-5a2c-4f53-ac76-9c1c980ea9cf
06b380ab-e488-4185-9300-402385d56fd3,369e6837-f305-4433-90f8-87d855721580
b9aa233e-955b-49d5-8755-0b29c6c2de2a,3b80ae16-8520-4d64-b671-27cc95ed33bd
39af57fc-eb9d-4571-9f85-feceb69da83e,c93d950f-3e2c-4d80-9a23-e3d3318fb56b
1b0c4033-baea-4e74-ba29-4d8731bc6556,a4241fe6-63ad-401e-b0b3-0ed66c1bdad9
54616876-484d-46f6-a37f-8ef5ad6281bc,ff287927-5bbd-4e9b-af80-09fdda76f82f
47600f3d-5e42-44f5-96c5-df133de5b07f,7fb760ea-cbed-4308-b98e-f5633836df3c
7d6725e3-54d7-4a92-be16-e2045d328baa,56dc25c8-719d-45ac-9ff0-bf9967589782
9afe642f-7ed8-4e26-877e-8fa6ad2c3de1,5d22d877-5e51-4c2d-8585-ce25f7f8fe76
af7905a0-837b-4195-a4dd-3d38a9244c84,38491e23-13a5-4147-8f82-d1ec9220a313
9344390b-3833-43ad-9be9-4e6bde06f6de,84a09b0e-eae4-4cac-8e45-5a922a8ad210
73da48ad-8285-4cf3-acb3-6c491b92a364,b2985cbc-b7f7-47a6-9bd3-0286280af768
c1cfa7ee-6502-4bdf-bd54-c5f4e82e2636,97d7915a-bfdc-432c-9f38-de1c6d5fa908
d3e8e3a5-7193-4f44-be95-1d65cc7e024b,5f18ccce-4f1f-4bae-8db8-ed8f9ee54102
2148cb43-b11c-485a-84b5-fbdee024b1cb,97d7915a-bfdc-432c-9f38-de1c6d5fa908
767f363f-d23d-4833-a616-d967b9914fb3,97d7915a-bfdc-432c-9f38-de1c6d5fa908
2dd4c42e-44ea-4877-92b0-c2d01d519cd8,321ca879-60ec-4982-b139-3755979aa2f6
0b2cd502-0b8e-4dec-82ef-375142ab5fb9,35a4c046-ac5b-4daa-976c-0d2b5e55ef30
ebf31b30-5f5f-4aba-a8bf-140972a6b874,4d514b64-4446-4070-b1c3-34ba128c796c
de5f3395-896e-47f8-97fc-a5f80851fc82,7bd1d1e4-e226-4563-9ac9-41e68142e44a
8b07a513-6283-4a93-86c6-a17d84d05674,87d35cc2-3810-481b-bd8a-fa8105177ebf
2f804300-e261-474c-bcfa-4799c2a67d41,bf39643b-7d12-475b-91e6-751b2c19eb8e
013cb970-d827-4f5d-8039-4424a89106f2,8b3a9cfa-8434-4a54-af85-463ab0ecb0c3
cfb0a9ea-d557-4573-ab4c-f2b2b4285b2a,d8b63195-d1e3-4a1c-a8eb-dea99447a74a
db756e6f-5e41-4348-b1e0-f8a57ce4cef0,08add79d-f3a0-4a1d-a630-99e8cd123467
26dc24f3-37ed-42c2-91d3-e03ee2e5b6f1,c4b07cea-fba1-4a98-bcb5-062ff99afcf1
f1e5d878-bf80-4b11-84e8-f79b553e9371,c3989915-c259-4da6-9f21-241ee6f358a0
c53093ce-57f2-40d0-9b01-05d87026992d,bcc86c12-9c44-409f-8654-3dd024136bf7
18624456-ba98-448b-bc02-4879acbe65d4,da99b724-239c-4c35-8fec-1d5b9b78d06c
9f93a82a-d977-417b-a04f-074cc669d14b,ffa41239-45e7-46f1-834a-678291e7d810
c24b9f1f-1db2-4834-bf3a-126c67e01468,545670a5-b294-4aa3-99ed-c48fa53888c9
8cc81906-9a2e-4e0d-a672-03721d1c61e2,9d814541-9f68-4f41-b2e6-26267529a9f6
21be0bad-ddfd-4509-b36c-656a6684ea45,1b3f39bd-2c90-4bf5-8756-684b288c5e86
81eac76f-e169-4d91-9977-5b8f6053a3af,9732e80c-df71-4e98-82b7-efad2c68ffde
8c5e87e5-bc0b-45be-9f2f-9340b2d8e6bc,54f10b1c-fb49-4030-8852-944e6aea4ea1
eeeac70a-fc36-4c85-ab3e-268f4d647fa2,369e6837-f305-4433-90f8-87d855721580
